feature,r,p_naive,n_records,note
week,0.126560028447,2.97956399535e-05,1082,记录层描述相关；重复测量的推断以LMM为准
bmi,-0.151299813925,5.73666284194e-07,1082,记录层描述相关；重复测量的推断以LMM为准
age,-0.119390900147,8.25870916239e-05,1082,记录层描述相关；重复测量的推断以LMM为准
height_z,-0.104650626644,0.00056507702303,1082,记录层描述相关；重复测量的推断以LMM为准
weight_z,-0.180600945571,2.19008311097e-09,1082,记录层描述相关；重复测量的推断以LMM为准
draw,0.329890052766,6.9647367888e-29,1082,记录层描述相关；重复测量的推断以LMM为准
week_sq,0.131830105417,1.35904125362e-05,1082,记录层描述相关；重复测量的推断以LMM为准
bmi_sq,-0.156701013135,2.21215303444e-07,1082,记录层描述相关；重复测量的推断以LMM为准
week_bmi,0.0615757716164,0.0428632800138,1082,记录层描述相关；重复测量的推断以LMM为准
