outer_fold,model,trial,log_loss,params,refit_estimators
1,t13,0,0.178620685219,"{""is_unbalance"": true, ""learning_rate"": 0.09316316040169828, ""n_estimators"": 500, ""num_leaves"": 32}",21
1,t13,1,0.17778816206,"{""is_unbalance"": true, ""learning_rate"": 0.08802235691342176, ""n_estimators"": 500, ""num_leaves"": 21}",18
1,t13,2,0.165861993195,"{""is_unbalance"": true, ""learning_rate"": 0.06162163155438649, ""n_estimators"": 500, ""num_leaves"": 49}",7
1,t13,3,0.15929428983,"{""is_unbalance"": true, ""learning_rate"": 0.03306525020290049, ""n_estimators"": 500, ""num_leaves"": 89}",33
1,t13,4,0.160223625862,"{""is_unbalance"": true, ""learning_rate"": 0.02978410166368085, ""n_estimators"": 500, ""num_leaves"": 101}",33
1,t13,5,0.162306729086,"{""is_unbalance"": true, ""learning_rate"": 0.06649770181687145, ""n_estimators"": 500, ""num_leaves"": 67}",24
1,t13,6,0.161913659634,"{""is_unbalance"": true, ""learning_rate"": 0.04622890220788106, ""n_estimators"": 500, ""num_leaves"": 73}",21
1,t13,7,0.159199359778,"{""is_unbalance"": true, ""learning_rate"": 0.031053018741113107, ""n_estimators"": 500, ""num_leaves"": 28}",44
1,t13,8,0.157344759305,"{""is_unbalance"": true, ""learning_rate"": 0.01942414906019978, ""n_estimators"": 500, ""num_leaves"": 76}",28
1,t13,9,0.158844108272,"{""is_unbalance"": true, ""learning_rate"": 0.020246278225465215, ""n_estimators"": 500, ""num_leaves"": 50}",68
1,t13,10,0.155864681984,"{""is_unbalance"": true, ""learning_rate"": 0.06187732741485143, ""n_estimators"": 500, ""num_leaves"": 133}",28
1,t13,11,0.163963475009,"{""is_unbalance"": true, ""learning_rate"": 0.06694558244981018, ""n_estimators"": 500, ""num_leaves"": 145}",20
1,t18,0,0.232822705186,"{""is_unbalance"": true, ""learning_rate"": 0.03707859970419569, ""n_estimators"": 500, ""num_leaves"": 36}",45
1,t18,1,0.234269478187,"{""is_unbalance"": true, ""learning_rate"": 0.039086440927139754, ""n_estimators"": 500, ""num_leaves"": 103}",26
1,t18,2,0.234935651226,"{""is_unbalance"": true, ""learning_rate"": 0.061027372087229206, ""n_estimators"": 500, ""num_leaves"": 66}",14
1,t18,3,0.232318757252,"{""is_unbalance"": true, ""learning_rate"": 0.0441473423972137, ""n_estimators"": 500, ""num_leaves"": 11}",21
1,t18,4,0.235956625322,"{""is_unbalance"": true, ""learning_rate"": 0.025332904089434092, ""n_estimators"": 500, ""num_leaves"": 27}",35
1,t18,5,0.237792802748,"{""is_unbalance"": true, ""learning_rate"": 0.07231611487636774, ""n_estimators"": 500, ""num_leaves"": 133}",17
1,t18,6,0.235671463618,"{""is_unbalance"": true, ""learning_rate"": 0.04036572141747611, ""n_estimators"": 500, ""num_leaves"": 149}",40
1,t18,7,0.23090518156,"{""is_unbalance"": true, ""learning_rate"": 0.02183860637053463, ""n_estimators"": 500, ""num_leaves"": 80}",65
1,t18,8,0.233731526629,"{""is_unbalance"": true, ""learning_rate"": 0.035795845590555445, ""n_estimators"": 500, ""num_leaves"": 41}",34
1,t18,9,0.23342692175,"{""is_unbalance"": true, ""learning_rate"": 0.05518769919741635, ""n_estimators"": 500, ""num_leaves"": 99}",22
1,t18,10,0.24463994762,"{""is_unbalance"": true, ""learning_rate"": 0.010921151851801794, ""n_estimators"": 500, ""num_leaves"": 103}",18
1,t18,11,0.233695041672,"{""is_unbalance"": true, ""learning_rate"": 0.09951071565755898, ""n_estimators"": 500, ""num_leaves"": 88}",20
1,t21,0,0.137972479174,"{""is_unbalance"": true, ""learning_rate"": 0.08420225283219537, ""n_estimators"": 500, ""num_leaves"": 35}",39
1,t21,1,0.140074008345,"{""is_unbalance"": true, ""learning_rate"": 0.08895940913863475, ""n_estimators"": 500, ""num_leaves"": 80}",39
1,t21,2,0.145841017092,"{""is_unbalance"": true, ""learning_rate"": 0.09684337899004107, ""n_estimators"": 500, ""num_leaves"": 10}",41
1,t21,3,0.141628512858,"{""is_unbalance"": true, ""learning_rate"": 0.09312799119745467, ""n_estimators"": 500, ""num_leaves"": 98}",39
1,t21,4,0.119581914873,"{""is_unbalance"": true, ""learning_rate"": 0.03738677994994167, ""n_estimators"": 500, ""num_leaves"": 58}",1
1,t21,5,0.116733239815,"{""is_unbalance"": true, ""learning_rate"": 0.022666166264261493, ""n_estimators"": 500, ""num_leaves"": 78}",1
1,t21,6,0.142876979743,"{""is_unbalance"": true, ""learning_rate"": 0.08929420482203024, ""n_estimators"": 500, ""num_leaves"": 73}",37
1,t21,7,0.12432988275,"{""is_unbalance"": true, ""learning_rate"": 0.05274983620521739, ""n_estimators"": 500, ""num_leaves"": 134}",3
1,t21,8,0.129888247172,"{""is_unbalance"": true, ""learning_rate"": 0.0700717372136776, ""n_estimators"": 500, ""num_leaves"": 21}",29
1,t21,9,0.115057834911,"{""is_unbalance"": true, ""learning_rate"": 0.012504108294834579, ""n_estimators"": 500, ""num_leaves"": 111}",1
1,t21,10,0.115346086673,"{""is_unbalance"": true, ""learning_rate"": 0.013364510159036872, ""n_estimators"": 500, ""num_leaves"": 17}",1
1,t21,11,0.115068979633,"{""is_unbalance"": true, ""learning_rate"": 0.01214263983343347, ""n_estimators"": 500, ""num_leaves"": 142}",1
1,interaction,0,0.118958881119,"{""is_unbalance"": true, ""learning_rate"": 0.013037923938088749, ""n_estimators"": 500, ""num_leaves"": 78}",14
1,interaction,1,0.147698072555,"{""is_unbalance"": true, ""learning_rate"": 0.08614765875527947, ""n_estimators"": 500, ""num_leaves"": 68}",23
1,interaction,2,0.136158711727,"{""is_unbalance"": true, ""learning_rate"": 0.06682738363576883, ""n_estimators"": 500, ""num_leaves"": 51}",2
1,interaction,3,0.13138108064,"{""is_unbalance"": true, ""learning_rate"": 0.058852026003718846, ""n_estimators"": 500, ""num_leaves"": 42}",15
1,interaction,4,0.122206017382,"{""is_unbalance"": true, ""learning_rate"": 0.031624869647836173, ""n_estimators"": 500, ""num_leaves"": 144}",1
1,interaction,5,0.137238478859,"{""is_unbalance"": true, ""learning_rate"": 0.06812293889485764, ""n_estimators"": 500, ""num_leaves"": 12}",2
1,interaction,6,0.154143172696,"{""is_unbalance"": true, ""learning_rate"": 0.0996513236691955, ""n_estimators"": 500, ""num_leaves"": 113}",20
1,interaction,7,0.141847819936,"{""is_unbalance"": true, ""learning_rate"": 0.07497482147792427, ""n_estimators"": 500, ""num_leaves"": 67}",2
1,interaction,8,0.122799522421,"{""is_unbalance"": true, ""learning_rate"": 0.028340217355554132, ""n_estimators"": 500, ""num_leaves"": 145}",4
1,interaction,9,0.120328992982,"{""is_unbalance"": true, ""learning_rate"": 0.03020239252348672, ""n_estimators"": 500, ""num_leaves"": 16}",5
1,interaction,10,0.120130730564,"{""is_unbalance"": true, ""learning_rate"": 0.011712494307100543, ""n_estimators"": 500, ""num_leaves"": 92}",12
1,interaction,11,0.120084139016,"{""is_unbalance"": true, ""learning_rate"": 0.015712195808355388, ""n_estimators"": 500, ""num_leaves"": 95}",13
1,meta,0,1.25876147706,"{""learning_rate"": 0.132111083999355, ""max_depth"": 7, ""n_estimators"": 500, ""num_leaves"": 117}",500
1,meta,1,1.28721013359,"{""learning_rate"": 0.1259488731514693, ""max_depth"": 4, ""n_estimators"": 500, ""num_leaves"": 109}",500
1,meta,2,1.21886355167,"{""learning_rate"": 0.05635620366464043, ""max_depth"": 9, ""n_estimators"": 500, ""num_leaves"": 123}",500
1,meta,3,1.24580742498,"{""learning_rate"": 0.06901931086064769, ""max_depth"": 7, ""n_estimators"": 500, ""num_leaves"": 93}",500
1,meta,4,1.22951897742,"{""learning_rate"": 0.05587260570693725, ""max_depth"": 4, ""n_estimators"": 500, ""num_leaves"": 183}",500
1,meta,5,1.2628234724,"{""learning_rate"": 0.12184609837911248, ""max_depth"": 10, ""n_estimators"": 500, ""num_leaves"": 67}",500
1,meta,6,1.26787612211,"{""learning_rate"": 0.1846243318419547, ""max_depth"": 10, ""n_estimators"": 500, ""num_leaves"": 39}",500
1,meta,7,1.0207488434,"{""learning_rate"": 0.018251197917264032, ""max_depth"": 7, ""n_estimators"": 500, ""num_leaves"": 26}",500
1,meta,8,0.877007355121,"{""learning_rate"": 0.015216363615909155, ""max_depth"": 4, ""n_estimators"": 500, ""num_leaves"": 81}",500
1,meta,9,1.21783232945,"{""learning_rate"": 0.06104920311189851, ""max_depth"": 10, ""n_estimators"": 500, ""num_leaves"": 196}",500
1,meta,10,1.27364235185,"{""learning_rate"": 0.19387415654955364, ""max_depth"": 6, ""n_estimators"": 500, ""num_leaves"": 172}",500
1,meta,11,1.10224977319,"{""learning_rate"": 0.03692834702191578, ""max_depth"": 3, ""n_estimators"": 500, ""num_leaves"": 36}",500
1,meta,12,0.845739610514,"{""learning_rate"": 0.010660553192490341, ""max_depth"": 8, ""n_estimators"": 500, ""num_leaves"": 21}",500
1,meta,13,1.18415911169,"{""learning_rate"": 0.037564309616940746, ""max_depth"": 4, ""n_estimators"": 500, ""num_leaves"": 81}",500
1,meta,14,0.850205160924,"{""learning_rate"": 0.011294887859983324, ""max_depth"": 7, ""n_estimators"": 500, ""num_leaves"": 141}",500
1,meta,15,0.870772024321,"{""learning_rate"": 0.013185747508737782, ""max_depth"": 5, ""n_estimators"": 500, ""num_leaves"": 143}",500
1,meta,16,0.952521731983,"{""learning_rate"": 0.015303013142795202, ""max_depth"": 9, ""n_estimators"": 500, ""num_leaves"": 116}",500
1,meta,17,1.096408943,"{""learning_rate"": 0.02230774602317307, ""max_depth"": 9, ""n_estimators"": 500, ""num_leaves"": 161}",500
1,meta,18,1.16194112195,"{""learning_rate"": 0.03006739722488171, ""max_depth"": 6, ""n_estimators"": 500, ""num_leaves"": 197}",500
1,meta,19,1.21140647664,"{""learning_rate"": 0.054172668254280146, ""max_depth"": 8, ""n_estimators"": 500, ""num_leaves"": 31}",500
2,t13,0,0.148002730158,"{""is_unbalance"": true, ""learning_rate"": 0.03797468197807198, ""n_estimators"": 500, ""num_leaves"": 125}",4
2,t13,1,0.148715200371,"{""is_unbalance"": true, ""learning_rate"": 0.04012773621143726, ""n_estimators"": 500, ""num_leaves"": 37}",3
2,t13,2,0.146720197661,"{""is_unbalance"": true, ""learning_rate"": 0.019928199254734037, ""n_estimators"": 500, ""num_leaves"": 145}",5
2,t13,3,0.160788034085,"{""is_unbalance"": true, ""learning_rate"": 0.0878542526564322, ""n_estimators"": 500, ""num_leaves"": 130}",2
2,t13,4,0.138637597045,"{""is_unbalance"": true, ""learning_rate"": 0.01715599288918533, ""n_estimators"": 500, ""num_leaves"": 117}",3
2,t13,5,0.159897124747,"{""is_unbalance"": true, ""learning_rate"": 0.08741739476302145, ""n_estimators"": 500, ""num_leaves"": 33}",1
2,t13,6,0.154913651138,"{""is_unbalance"": true, ""learning_rate"": 0.06906752730394966, ""n_estimators"": 500, ""num_leaves"": 62}",1
2,t13,7,0.160379540288,"{""is_unbalance"": true, ""learning_rate"": 0.08356948471718036, ""n_estimators"": 500, ""num_leaves"": 139}",4
2,t13,8,0.137713226129,"{""is_unbalance"": true, ""learning_rate"": 0.024689818889857374, ""n_estimators"": 500, ""num_leaves"": 127}",5
2,t13,9,0.151470762242,"{""is_unbalance"": true, ""learning_rate"": 0.049855402773062676, ""n_estimators"": 500, ""num_leaves"": 149}",1
2,t13,10,0.165654172855,"{""is_unbalance"": true, ""learning_rate"": 0.09693713688168329, ""n_estimators"": 500, ""num_leaves"": 100}",2
2,t13,11,0.148059990505,"{""is_unbalance"": true, ""learning_rate"": 0.010223606959740027, ""n_estimators"": 500, ""num_leaves"": 92}",6
2,t18,0,0.246316774993,"{""is_unbalance"": true, ""learning_rate"": 0.09271981286192638, ""n_estimators"": 500, ""num_leaves"": 100}",8
2,t18,1,0.251083842773,"{""is_unbalance"": true, ""learning_rate"": 0.07783410067562592, ""n_estimators"": 500, ""num_leaves"": 29}",3
2,t18,2,0.245841544529,"{""is_unbalance"": true, ""learning_rate"": 0.017858759319064006, ""n_estimators"": 500, ""num_leaves"": 121}",9
2,t18,3,0.245563530873,"{""is_unbalance"": true, ""learning_rate"": 0.039353584333104, ""n_estimators"": 500, ""num_leaves"": 86}",14
2,t18,4,0.244740501238,"{""is_unbalance"": true, ""learning_rate"": 0.031621165828120544, ""n_estimators"": 500, ""num_leaves"": 86}",24
2,t18,5,0.24555678449,"{""is_unbalance"": true, ""learning_rate"": 0.046049905331190036, ""n_estimators"": 500, ""num_leaves"": 110}",6
2,t18,6,0.249776513958,"{""is_unbalance"": true, ""learning_rate"": 0.08530119469730754, ""n_estimators"": 500, ""num_leaves"": 92}",5
2,t18,7,0.241518897911,"{""is_unbalance"": true, ""learning_rate"": 0.03665391076300237, ""n_estimators"": 500, ""num_leaves"": 49}",14
2,t18,8,0.24777079846,"{""is_unbalance"": true, ""learning_rate"": 0.07350375201916864, ""n_estimators"": 500, ""num_leaves"": 69}",13
2,t18,9,0.244752132449,"{""is_unbalance"": true, ""learning_rate"": 0.015158438672248555, ""n_estimators"": 500, ""num_leaves"": 115}",10
2,t18,10,0.246986782218,"{""is_unbalance"": true, ""learning_rate"": 0.01642832906076283, ""n_estimators"": 500, ""num_leaves"": 29}",9
2,t18,11,0.2431638824,"{""is_unbalance"": true, ""learning_rate"": 0.03526986508357174, ""n_estimators"": 500, ""num_leaves"": 34}",14
2,t21,0,0.114782551184,"{""is_unbalance"": true, ""learning_rate"": 0.014336310475021392, ""n_estimators"": 500, ""num_leaves"": 106}",1
2,t21,1,0.15553243085,"{""is_unbalance"": true, ""learning_rate"": 0.08188264611134216, ""n_estimators"": 500, ""num_leaves"": 122}",14
2,t21,2,0.169751079708,"{""is_unbalance"": true, ""learning_rate"": 0.09687675251406346, ""n_estimators"": 500, ""num_leaves"": 72}",25
2,t21,3,0.159017724273,"{""is_unbalance"": true, ""learning_rate"": 0.08481113889047634, ""n_estimators"": 500, ""num_leaves"": 44}",25
2,t21,4,0.114829683363,"{""is_unbalance"": true, ""learning_rate"": 0.014525009029893161, ""n_estimators"": 500, ""num_leaves"": 78}",1
2,t21,5,0.141814525841,"{""is_unbalance"": true, ""learning_rate"": 0.06852139782655899, ""n_estimators"": 500, ""num_leaves"": 139}",9
2,t21,6,0.148634197127,"{""is_unbalance"": true, ""learning_rate"": 0.07648606241410635, ""n_estimators"": 500, ""num_leaves"": 44}",13
2,t21,7,0.142161489564,"{""is_unbalance"": true, ""learning_rate"": 0.05662298511085351, ""n_estimators"": 500, ""num_leaves"": 103}",1
2,t21,8,0.124251789588,"{""is_unbalance"": true, ""learning_rate"": 0.036351848248582806, ""n_estimators"": 500, ""num_leaves"": 133}",1
2,t21,9,0.161283912755,"{""is_unbalance"": true, ""learning_rate"": 0.0894761696387507, ""n_estimators"": 500, ""num_leaves"": 88}",25
2,t21,10,0.114666929554,"{""is_unbalance"": true, ""learning_rate"": 0.010326631189817605, ""n_estimators"": 500, ""num_leaves"": 27}",1
2,t21,11,0.114863084591,"{""is_unbalance"": true, ""learning_rate"": 0.011766253893970728, ""n_estimators"": 500, ""num_leaves"": 36}",1
2,interaction,0,0.114316568484,"{""is_unbalance"": true, ""learning_rate"": 0.05506013137063431, ""n_estimators"": 500, ""num_leaves"": 75}",2
2,interaction,1,0.114322624204,"{""is_unbalance"": true, ""learning_rate"": 0.055070427307800915, ""n_estimators"": 500, ""num_leaves"": 31}",2
2,interaction,2,0.146021328113,"{""is_unbalance"": true, ""learning_rate"": 0.08382501422374736, ""n_estimators"": 500, ""num_leaves"": 55}",1
2,interaction,3,0.143774949246,"{""is_unbalance"": true, ""learning_rate"": 0.0801256597396672, ""n_estimators"": 500, ""num_leaves"": 124}",1
2,interaction,4,0.0982163608307,"{""is_unbalance"": true, ""learning_rate"": 0.011332204955323666, ""n_estimators"": 500, ""num_leaves"": 42}",6
2,interaction,5,0.131695346647,"{""is_unbalance"": true, ""learning_rate"": 0.0740558417874671, ""n_estimators"": 500, ""num_leaves"": 125}",31
2,interaction,6,0.136708216641,"{""is_unbalance"": true, ""learning_rate"": 0.08139929280771617, ""n_estimators"": 500, ""num_leaves"": 79}",51
2,interaction,7,0.118775065587,"{""is_unbalance"": true, ""learning_rate"": 0.060451722589303925, ""n_estimators"": 500, ""num_leaves"": 82}",1
2,interaction,8,0.101178542694,"{""is_unbalance"": true, ""learning_rate"": 0.035831199586046344, ""n_estimators"": 500, ""num_leaves"": 36}",2
2,interaction,9,0.103792998274,"{""is_unbalance"": true, ""learning_rate"": 0.040690507216523064, ""n_estimators"": 500, ""num_leaves"": 47}",3
2,interaction,10,0.0993660046582,"{""is_unbalance"": true, ""learning_rate"": 0.023080329859969217, ""n_estimators"": 500, ""num_leaves"": 97}",4
2,interaction,11,0.0992464638314,"{""is_unbalance"": true, ""learning_rate"": 0.012632838448207555, ""n_estimators"": 500, ""num_leaves"": 78}",6
2,meta,0,0.792865201253,"{""learning_rate"": 0.038104918626136096, ""max_depth"": 9, ""n_estimators"": 500, ""num_leaves"": 61}",11
2,meta,1,0.796035695456,"{""learning_rate"": 0.0667101693526158, ""max_depth"": 9, ""n_estimators"": 500, ""num_leaves"": 53}",6
2,meta,2,0.801987091114,"{""learning_rate"": 0.087033509337429, ""max_depth"": 6, ""n_estimators"": 500, ""num_leaves"": 200}",6
2,meta,3,0.882957288389,"{""learning_rate"": 0.13376982239827995, ""max_depth"": 3, ""n_estimators"": 500, ""num_leaves"": 128}",4
2,meta,4,0.817397640049,"{""learning_rate"": 0.07240708783196582, ""max_depth"": 6, ""n_estimators"": 500, ""num_leaves"": 168}",7
2,meta,5,0.810239881353,"{""learning_rate"": 0.05496989204695271, ""max_depth"": 10, ""n_estimators"": 500, ""num_leaves"": 95}",6
2,meta,6,0.824683543993,"{""learning_rate"": 0.041749522264893306, ""max_depth"": 3, ""n_estimators"": 500, ""num_leaves"": 157}",13
2,meta,7,0.810679151161,"{""learning_rate"": 0.1370822358384194, ""max_depth"": 8, ""n_estimators"": 500, ""num_leaves"": 146}",4
2,meta,8,0.803278925877,"{""learning_rate"": 0.15648697042339432, ""max_depth"": 6, ""n_estimators"": 500, ""num_leaves"": 189}",3
2,meta,9,0.841465633058,"{""learning_rate"": 0.06037514715684602, ""max_depth"": 4, ""n_estimators"": 500, ""num_leaves"": 58}",8
2,meta,10,0.814665461659,"{""learning_rate"": 0.13259796710153238, ""max_depth"": 6, ""n_estimators"": 500, ""num_leaves"": 54}",4
2,meta,11,0.744620655965,"{""learning_rate"": 0.019471347981719664, ""max_depth"": 9, ""n_estimators"": 500, ""num_leaves"": 57}",26
2,meta,12,0.636812807056,"{""learning_rate"": 0.010456818646853657, ""max_depth"": 7, ""n_estimators"": 500, ""num_leaves"": 31}",50
2,meta,13,0.718654566824,"{""learning_rate"": 0.01774968117566774, ""max_depth"": 6, ""n_estimators"": 500, ""num_leaves"": 76}",29
2,meta,14,0.717004835023,"{""learning_rate"": 0.017121780750035773, ""max_depth"": 6, ""n_estimators"": 500, ""num_leaves"": 100}",30
2,meta,15,0.775246005005,"{""learning_rate"": 0.03276024862284913, ""max_depth"": 7, ""n_estimators"": 500, ""num_leaves"": 137}",17
2,meta,16,0.787133489365,"{""learning_rate"": 0.03502916222398991, ""max_depth"": 7, ""n_estimators"": 500, ""num_leaves"": 20}",8
2,meta,17,0.814832947146,"{""learning_rate"": 0.05479158972692176, ""max_depth"": 5, ""n_estimators"": 500, ""num_leaves"": 96}",6
2,meta,18,0.805516659988,"{""learning_rate"": 0.05761111512963572, ""max_depth"": 10, ""n_estimators"": 500, ""num_leaves"": 173}",7
2,meta,19,0.796287724561,"{""learning_rate"": 0.030432511485998848, ""max_depth"": 3, ""n_estimators"": 500, ""num_leaves"": 109}",18
3,t13,0,0.151399768456,"{""is_unbalance"": true, ""learning_rate"": 0.06457189039988279, ""n_estimators"": 500, ""num_leaves"": 102}",57
3,t13,1,0.155344813301,"{""is_unbalance"": true, ""learning_rate"": 0.03765169084092129, ""n_estimators"": 500, ""num_leaves"": 145}",5
3,t13,2,0.154672823321,"{""is_unbalance"": true, ""learning_rate"": 0.058232701659816435, ""n_estimators"": 500, ""num_leaves"": 103}",1
3,t13,3,0.148475690875,"{""is_unbalance"": true, ""learning_rate"": 0.09994388759409444, ""n_estimators"": 500, ""num_leaves"": 115}",28
3,t13,4,0.153268457441,"{""is_unbalance"": true, ""learning_rate"": 0.058466998330252054, ""n_estimators"": 500, ""num_leaves"": 115}",1
3,t13,5,0.153371026196,"{""is_unbalance"": true, ""learning_rate"": 0.031203837521470504, ""n_estimators"": 500, ""num_leaves"": 68}",8
3,t13,6,0.147961896554,"{""is_unbalance"": true, ""learning_rate"": 0.08605177811204014, ""n_estimators"": 500, ""num_leaves"": 67}",33
3,t13,7,0.154107640463,"{""is_unbalance"": true, ""learning_rate"": 0.05271026902058379, ""n_estimators"": 500, ""num_leaves"": 107}",66
3,t13,8,0.155336152396,"{""is_unbalance"": true, ""learning_rate"": 0.026664703463243674, ""n_estimators"": 500, ""num_leaves"": 19}",14
3,t13,9,0.148885608323,"{""is_unbalance"": true, ""learning_rate"": 0.06600628047830756, ""n_estimators"": 500, ""num_leaves"": 94}",52
3,t13,10,0.151514373018,"{""is_unbalance"": true, ""learning_rate"": 0.0824519587320871, ""n_estimators"": 500, ""num_leaves"": 16}",40
3,t13,11,0.143995620255,"{""is_unbalance"": true, ""learning_rate"": 0.09702799380273114, ""n_estimators"": 500, ""num_leaves"": 132}",31
3,t18,0,0.25290237262,"{""is_unbalance"": true, ""learning_rate"": 0.07474472076195626, ""n_estimators"": 500, ""num_leaves"": 95}",4
3,t18,1,0.251453511203,"{""is_unbalance"": true, ""learning_rate"": 0.07208754531208875, ""n_estimators"": 500, ""num_leaves"": 69}",5
3,t18,2,0.248415497881,"{""is_unbalance"": true, ""learning_rate"": 0.05056894995312373, ""n_estimators"": 500, ""num_leaves"": 65}",5
3,t18,3,0.249993626928,"{""is_unbalance"": true, ""learning_rate"": 0.056071643331816065, ""n_estimators"": 500, ""num_leaves"": 25}",7
3,t18,4,0.251874619791,"{""is_unbalance"": true, ""learning_rate"": 0.09768673115748545, ""n_estimators"": 500, ""num_leaves"": 79}",1
3,t18,5,0.251874961433,"{""is_unbalance"": true, ""learning_rate"": 0.09582533068377364, ""n_estimators"": 500, ""num_leaves"": 53}",1
3,t18,6,0.253101611439,"{""is_unbalance"": true, ""learning_rate"": 0.07960810859508485, ""n_estimators"": 500, ""num_leaves"": 54}",1
3,t18,7,0.246725273774,"{""is_unbalance"": true, ""learning_rate"": 0.03721407035095736, ""n_estimators"": 500, ""num_leaves"": 119}",8
3,t18,8,0.24951193138,"{""is_unbalance"": true, ""learning_rate"": 0.04099750665952496, ""n_estimators"": 500, ""num_leaves"": 147}",8
3,t18,9,0.247672758213,"{""is_unbalance"": true, ""learning_rate"": 0.012529370637040401, ""n_estimators"": 500, ""num_leaves"": 83}",20
3,t18,10,0.246487268451,"{""is_unbalance"": true, ""learning_rate"": 0.02698566812695849, ""n_estimators"": 500, ""num_leaves"": 19}",8
3,t18,11,0.248823830213,"{""is_unbalance"": true, ""learning_rate"": 0.013302780836890831, ""n_estimators"": 500, ""num_leaves"": 23}",18
3,t21,0,0.0904625480845,"{""is_unbalance"": true, ""learning_rate"": 0.030592313880121107, ""n_estimators"": 500, ""num_leaves"": 36}",3
3,t21,1,0.137680204053,"{""is_unbalance"": true, ""learning_rate"": 0.08977237038841589, ""n_estimators"": 500, ""num_leaves"": 111}",39
3,t21,2,0.107245723484,"{""is_unbalance"": true, ""learning_rate"": 0.0579685045090728, ""n_estimators"": 500, ""num_leaves"": 132}",3
3,t21,3,0.129115839061,"{""is_unbalance"": true, ""learning_rate"": 0.07518139087594129, ""n_estimators"": 500, ""num_leaves"": 77}",5
3,t21,4,0.133182855578,"{""is_unbalance"": true, ""learning_rate"": 0.07804694771098569, ""n_estimators"": 500, ""num_leaves"": 147}",5
3,t21,5,0.105779544531,"{""is_unbalance"": true, ""learning_rate"": 0.055753039064530156, ""n_estimators"": 500, ""num_leaves"": 145}",3
3,t21,6,0.104672088142,"{""is_unbalance"": true, ""learning_rate"": 0.05448370249197568, ""n_estimators"": 500, ""num_leaves"": 82}",3
3,t21,7,0.0952790184031,"{""is_unbalance"": true, ""learning_rate"": 0.0409656079540088, ""n_estimators"": 500, ""num_leaves"": 146}",1
3,t21,8,0.090086704276,"{""is_unbalance"": true, ""learning_rate"": 0.03304796237490883, ""n_estimators"": 500, ""num_leaves"": 66}",3
3,t21,9,0.144020721072,"{""is_unbalance"": true, ""learning_rate"": 0.08465415612677678, ""n_estimators"": 500, ""num_leaves"": 64}",5
3,t21,10,0.0805665981621,"{""is_unbalance"": true, ""learning_rate"": 0.010508523987183736, ""n_estimators"": 500, ""num_leaves"": 25}",10
3,t21,11,0.0807560496063,"{""is_unbalance"": true, ""learning_rate"": 0.010910633295904398, ""n_estimators"": 500, ""num_leaves"": 18}",10
3,interaction,0,0.109664602684,"{""is_unbalance"": true, ""learning_rate"": 0.0293218200115144, ""n_estimators"": 500, ""num_leaves"": 138}",5
3,interaction,1,0.119071263759,"{""is_unbalance"": true, ""learning_rate"": 0.08355118358471113, ""n_estimators"": 500, ""num_leaves"": 137}",28
3,interaction,2,0.12136671062,"{""is_unbalance"": true, ""learning_rate"": 0.07361913429769852, ""n_estimators"": 500, ""num_leaves"": 26}",48
3,interaction,3,0.111873978736,"{""is_unbalance"": true, ""learning_rate"": 0.018316073356808883, ""n_estimators"": 500, ""num_leaves"": 89}",1
3,interaction,4,0.124377112849,"{""is_unbalance"": true, ""learning_rate"": 0.06142707686675584, ""n_estimators"": 500, ""num_leaves"": 15}",1
3,interaction,5,0.110644911246,"{""is_unbalance"": true, ""learning_rate"": 0.039389271912439794, ""n_estimators"": 500, ""num_leaves"": 51}",3
3,interaction,6,0.119893053545,"{""is_unbalance"": true, ""learning_rate"": 0.05595068596190384, ""n_estimators"": 500, ""num_leaves"": 52}",1
3,interaction,7,0.110124615122,"{""is_unbalance"": true, ""learning_rate"": 0.03733695863543456, ""n_estimators"": 500, ""num_leaves"": 30}",4
3,interaction,8,0.112239207085,"{""is_unbalance"": true, ""learning_rate"": 0.013269702566767277, ""n_estimators"": 500, ""num_leaves"": 66}",1
3,interaction,9,0.119199025457,"{""is_unbalance"": true, ""learning_rate"": 0.07721578294143155, ""n_estimators"": 500, ""num_leaves"": 130}",32
3,interaction,10,0.114329460994,"{""is_unbalance"": true, ""learning_rate"": 0.0478062808049885, ""n_estimators"": 500, ""num_leaves"": 133}",2
3,interaction,11,0.112262279423,"{""is_unbalance"": true, ""learning_rate"": 0.011575272512541018, ""n_estimators"": 500, ""num_leaves"": 148}",2
3,meta,0,0.874621506611,"{""learning_rate"": 0.1356524990654933, ""max_depth"": 4, ""n_estimators"": 500, ""num_leaves"": 79}",2
3,meta,1,0.874261560234,"{""learning_rate"": 0.17396663954389122, ""max_depth"": 4, ""n_estimators"": 500, ""num_leaves"": 161}",1
3,meta,2,0.884197843124,"{""learning_rate"": 0.10891507863169318, ""max_depth"": 3, ""n_estimators"": 500, ""num_leaves"": 194}",4
3,meta,3,0.88065151762,"{""learning_rate"": 0.1867500782676559, ""max_depth"": 4, ""n_estimators"": 500, ""num_leaves"": 87}",1
3,meta,4,0.88343218983,"{""learning_rate"": 0.08146200489960576, ""max_depth"": 3, ""n_estimators"": 500, ""num_leaves"": 51}",4
3,meta,5,0.850602235396,"{""learning_rate"": 0.12785495277037826, ""max_depth"": 8, ""n_estimators"": 500, ""num_leaves"": 200}",2
3,meta,6,0.713220622627,"{""learning_rate"": 0.017807003345907898, ""max_depth"": 5, ""n_estimators"": 500, ""num_leaves"": 159}",27
3,meta,7,0.834210919563,"{""learning_rate"": 0.0406159097489575, ""max_depth"": 10, ""n_estimators"": 500, ""num_leaves"": 77}",9
3,meta,8,0.899410537702,"{""learning_rate"": 0.12062914208628446, ""max_depth"": 3, ""n_estimators"": 500, ""num_leaves"": 127}",2
3,meta,9,0.845204268631,"{""learning_rate"": 0.1687371861710672, ""max_depth"": 10, ""n_estimators"": 500, ""num_leaves"": 135}",1
3,meta,10,0.726098119566,"{""learning_rate"": 0.01729928658380737, ""max_depth"": 10, ""n_estimators"": 500, ""num_leaves"": 168}",28
3,meta,11,0.708652331969,"{""learning_rate"": 0.016128244849894308, ""max_depth"": 7, ""n_estimators"": 500, ""num_leaves"": 155}",31
3,meta,12,0.722021630066,"{""learning_rate"": 0.018059296402322282, ""max_depth"": 5, ""n_estimators"": 500, ""num_leaves"": 176}",28
3,meta,13,0.861084126573,"{""learning_rate"": 0.06117091792322303, ""max_depth"": 5, ""n_estimators"": 500, ""num_leaves"": 134}",6
3,meta,14,0.838749007608,"{""learning_rate"": 0.07335041371026971, ""max_depth"": 8, ""n_estimators"": 500, ""num_leaves"": 178}",5
3,meta,15,0.833902594738,"{""learning_rate"": 0.036943278170785784, ""max_depth"": 8, ""n_estimators"": 500, ""num_leaves"": 174}",10
3,meta,16,0.667100837106,"{""learning_rate"": 0.011438620300174535, ""max_depth"": 5, ""n_estimators"": 500, ""num_leaves"": 142}",34
3,meta,17,0.840994099349,"{""learning_rate"": 0.05471462058447099, ""max_depth"": 5, ""n_estimators"": 500, ""num_leaves"": 103}",7
3,meta,18,0.818810055516,"{""learning_rate"": 0.030512528499098454, ""max_depth"": 8, ""n_estimators"": 500, ""num_leaves"": 144}",13
3,meta,19,0.716124991689,"{""learning_rate"": 0.019931314345824687, ""max_depth"": 4, ""n_estimators"": 500, ""num_leaves"": 108}",21
