outer_fold,model,feature,gain
1,t13,age,34.2906725931
1,t13,height,8.08474105597
1,t13,weight,80.6720154859
1,t13,bmi,963.384677208
1,t13,week,102.158442837
1,t13,reads,92.3815950192
1,t13,mapping,20.4186057048
1,t13,duplicate,40.6251553995
1,t13,unique_reads,50.2363369995
1,t13,unique_ratio,10.8451304538
1,t13,gc,361.478612309
1,t13,z13,21.8046190927
1,t13,z18,207.985584915
1,t13,z21,460.894550014
1,t13,zx,543.212212587
1,t13,x,2068.75844079
1,t13,gc13,1077.41855294
1,t13,gc18,365.765631567
1,t13,gc21,332.198356778
1,t13,filtered,446.299214899
1,t13,ivf,0
1,t13,pregnancies,2.7827399208e-05
1,t13,parity,4.78187496356e-06
1,t18,age,431.268922807
1,t18,height,883.44006034
1,t18,weight,193.112809759
1,t18,bmi,1587.55664272
1,t18,week,196.324618125
1,t18,reads,187.572028544
1,t18,mapping,331.494460364
1,t18,duplicate,214.278039216
1,t18,unique_reads,120.221556096
1,t18,unique_ratio,485.776298832
1,t18,gc,607.603921259
1,t18,z13,783.774548363
1,t18,z18,894.274425235
1,t18,z21,319.93162303
1,t18,zx,512.96381922
1,t18,x,3694.22056056
1,t18,gc13,2646.51175446
1,t18,gc18,158.209963259
1,t18,gc21,193.986024363
1,t18,filtered,1195.82627154
1,t18,ivf,0
1,t18,pregnancies,40.260330677
1,t18,parity,25.5385799408
1,t21,age,8.88177996184e-16
1,t21,height,0
1,t21,weight,0
1,t21,bmi,0
1,t21,week,532.804084778
1,t21,reads,0
1,t21,mapping,659.843017578
1,t21,duplicate,1029.07995605
1,t21,unique_reads,0
1,t21,unique_ratio,1278.79003906
1,t21,gc,0
1,t21,z13,0
1,t21,z18,0
1,t21,z21,1954.21295166
1,t21,zx,0
1,t21,x,0
1,t21,gc13,0
1,t21,gc18,92.5849990845
1,t21,gc21,0
1,t21,filtered,1040.13000488
1,t21,ivf,0
1,t21,pregnancies,0
1,t21,parity,0
1,interaction,age,2.22044901387e-15
1,interaction,height,46.2034055638
1,interaction,weight,2403.37450214
1,interaction,bmi,3749.32101244
1,interaction,week,0
1,interaction,reads,5.18096004466e-12
1,interaction,mapping,2.22045001972e-16
1,interaction,duplicate,702.818422557
1,interaction,unique_reads,0
1,interaction,unique_ratio,0
1,interaction,gc,39.8972101212
1,interaction,z13,8.19075059456
1,interaction,z18,456.689546637
1,interaction,z21,3.68134800599e-06
1,interaction,zx,2428.22472382
1,interaction,x,590.575849317
1,interaction,gc13,7208.49391683
1,interaction,gc18,2133.68639985
1,interaction,gc21,0.000260057774145
1,interaction,filtered,108.424327392
1,interaction,ivf,0
1,interaction,pregnancies,0
1,interaction,parity,0
2,t13,age,25.3673000336
2,t13,height,24.803899765
2,t13,weight,0
2,t13,bmi,751.013653329
2,t13,week,0
2,t13,reads,0
2,t13,mapping,3.36314988107e-05
2,t13,duplicate,0.000125154798297
2,t13,unique_reads,0
2,t13,unique_ratio,269.818704605
2,t13,gc,671.463244775
2,t13,z13,0
2,t13,z18,231.918327987
2,t13,z21,669.103591919
2,t13,zx,642.930443528
2,t13,x,3961.41584015
2,t13,gc13,1352.57211113
2,t13,gc18,0
2,t13,gc21,0
2,t13,filtered,576.130981445
2,t13,ivf,0
2,t13,pregnancies,0
2,t13,parity,83.623298645
2,t18,age,162.660101858
2,t18,height,645.134370401
2,t18,weight,349.394026503
2,t18,bmi,19.4611246005
2,t18,week,143.835219093
2,t18,reads,3.13634014593e-11
2,t18,mapping,36.4372414263
2,t18,duplicate,102.96497737
2,t18,unique_reads,9.39652324849e-06
2,t18,unique_ratio,0
2,t18,gc,1.16635864673e-05
2,t18,z13,407.689025164
2,t18,z18,109.536398888
2,t18,z21,342.608145829
2,t18,zx,0
2,t18,x,3291.90379664
2,t18,gc13,813.338860891
2,t18,gc18,303.232299056
2,t18,gc21,45.2620983213
2,t18,filtered,0
2,t18,ivf,0
2,t18,pregnancies,0
2,t18,parity,4.05093002319
2,t21,age,4.44088998092e-16
2,t21,height,6.66134000064e-16
2,t21,weight,0
2,t21,bmi,1531.34997559
2,t21,week,0
2,t21,reads,0
2,t21,mapping,0
2,t21,duplicate,616.031005859
2,t21,unique_reads,0
2,t21,unique_ratio,1214.43994141
2,t21,gc,0
2,t21,z13,0
2,t21,z18,0
2,t21,z21,0
2,t21,zx,0
2,t21,x,0
2,t21,gc13,0
2,t21,gc18,0
2,t21,gc21,2284.85009766
2,t21,filtered,1447.70996094
2,t21,ivf,0
2,t21,pregnancies,0
2,t21,parity,0
2,interaction,age,1839.28700714
2,interaction,height,8.88177996184e-16
2,interaction,weight,1.77635599237e-15
2,interaction,bmi,3.10862701005e-15
2,interaction,week,1409.39898682
2,interaction,reads,608.609008789
2,interaction,mapping,0
2,interaction,duplicate,9.65154981714e-07
2,interaction,unique_reads,0
2,interaction,unique_ratio,0
2,interaction,gc,622.172481516
2,interaction,z13,0
2,interaction,z18,0
2,interaction,z21,0
2,interaction,zx,2762.46438847
2,interaction,x,10262.0078735
2,interaction,gc13,1177.23791122
2,interaction,gc18,0
2,interaction,gc21,0
2,interaction,filtered,0
2,interaction,ivf,0
2,interaction,pregnancies,0
2,interaction,parity,0
3,t13,age,988.54529044
3,t13,height,53.8381627531
3,t13,weight,32.029474858
3,t13,bmi,714.501623162
3,t13,week,30.5710500783
3,t13,reads,453.939119201
3,t13,mapping,73.4758011101
3,t13,duplicate,68.0312176327
3,t13,unique_reads,354.530789047
3,t13,unique_ratio,49.0902922363
3,t13,gc,382.109970559
3,t13,z13,248.039752853
3,t13,z18,36.8529710309
3,t13,z21,263.203823222
3,t13,zx,8.91081150064
3,t13,x,1270.37255582
3,t13,gc13,393.518060226
3,t13,gc18,93.3410358438
3,t13,gc21,154.073618158
3,t13,filtered,229.633621394
3,t13,ivf,0
3,t13,pregnancies,0.690855026245
3,t13,parity,80.0138217403
3,t18,age,38.106098175
3,t18,height,6.21725804351e-15
3,t18,weight,200.942298889
3,t18,bmi,32.3396987915
3,t18,week,516.242354418
3,t18,reads,72.1578998566
3,t18,mapping,145.447998047
3,t18,duplicate,0
3,t18,unique_reads,0
3,t18,unique_ratio,242.117683707
3,t18,gc,299.45963404
3,t18,z13,185.596294403
3,t18,z18,584.866408348
3,t18,z21,0
3,t18,zx,140.917999268
3,t18,x,2871.52247429
3,t18,gc13,591.078692436
3,t18,gc18,0
3,t18,gc21,203.122750762
3,t18,filtered,65.4988994598
3,t18,ivf,0
3,t18,pregnancies,81.9482547226
3,t18,parity,0
3,t21,age,17180.5157166
3,t21,height,247.580001831
3,t21,weight,0
3,t21,bmi,1.77635599237e-15
3,t21,week,932.265148006
3,t21,reads,6.66134000064e-16
3,t21,mapping,8.88177996184e-16
3,t21,duplicate,1938.75929269
3,t21,unique_reads,114.812097549
3,t21,unique_ratio,1.47170003402e-05
3,t21,gc,75.5263004303
3,t21,z13,2.22273993131e-05
3,t21,z18,0
3,t21,z21,295.45098877
3,t21,zx,537.873497009
3,t21,x,167.331407202
3,t21,gc13,0
3,t21,gc18,1.10016999315e-05
3,t21,gc21,9.36889955483e-06
3,t21,filtered,373.427001953
3,t21,ivf,0
3,t21,pregnancies,26.5186004639
3,t21,parity,1490.04003906
3,interaction,age,18.7691001892
3,interaction,height,0
3,interaction,weight,9.04030021052e-05
3,interaction,bmi,53.5937995911
3,interaction,week,2023.50205432
3,interaction,reads,108.880074746
3,interaction,mapping,283.227689743
3,interaction,duplicate,0
3,interaction,unique_reads,47.465801239
3,interaction,unique_ratio,84.8773412666
3,interaction,gc,565.702448581
3,interaction,z13,0.00253536505625
3,interaction,z18,0
3,interaction,z21,439.725038586
3,interaction,zx,898.427441572
3,interaction,x,19.1604995728
3,interaction,gc13,4779.27591489
3,interaction,gc18,0.00497026696523
3,interaction,gc21,0.000651058991934
3,interaction,filtered,146.819046946
3,interaction,ivf,0
3,interaction,pregnancies,0
3,interaction,parity,0
