日期,L0 因果实际总购电费（元）,L1 完美日预测总购电费（元）,L2 全知全局购电费（元）,L0 实际日末储电量（kWh）,L1 日末储电量（kWh）,L2 日末储电量（kWh）,L0 紧急购电量（kWh）,L1 紧急购电量（kWh）,L0 累计购电费（元）,L1 累计购电费（元）,L2 累计购电费（元）
2025-02-01,25127.935313,19759.049473,20960.999473,6000.000000,6000.000000,8550.000000,0.000000,0.000000,25127.935313,19759.049473,20960.999473
2025-02-02,59699.653593,51624.086121,51615.736121,6000.000000,6000.000000,8550.000000,9.049900,0.000000,84827.588906,71383.135595,72576.735595
2025-02-03,59072.709503,52913.581337,52905.231337,6000.000000,6000.000000,8550.000000,0.000000,0.000000,143900.298409,124296.716932,125481.966932
2025-02-04,58877.528693,53862.499413,53854.149413,6000.000000,6000.000000,8550.000000,50.304683,0.000000,202777.827102,178159.216345,179336.116345
2025-02-05,58569.463367,53226.723070,53218.373070,6000.000000,6000.000000,8550.000000,7.338283,0.000000,261347.290469,231385.939414,232554.489414
2025-02-06,57056.287260,52920.983922,52629.433922,6000.000000,6000.000000,7950.000000,73.344800,0.000000,318403.577729,284306.923336,285183.923336
2025-02-07,24121.489600,19282.155601,19219.514367,6000.000000,6000.000000,7826.578463,0.000000,0.000000,342525.067329,303589.078937,304403.437703
2025-02-08,22916.308380,18716.982555,19056.275504,6000.000000,6000.000000,8550.000000,1.020650,0.000000,365441.375709,322306.061492,323459.713207
2025-02-09,56434.698396,52321.931983,52313.581983,6000.000000,6000.000000,8550.000000,125.407850,0.000000,421876.074105,374627.993475,375773.295190
2025-02-10,55756.811980,48580.522173,48572.172173,5954.511741,6000.000000,8550.000000,64.199984,0.000000,477632.886085,423208.515648,424345.467363
2025-02-11,55061.970321,49400.843301,49392.493301,6000.000000,6000.000000,8550.000000,12.168500,0.000000,532694.856406,472609.358949,473737.960664
2025-02-12,54479.078644,49579.996066,49571.646066,6000.000000,6000.000000,8550.000000,59.727533,0.000000,587173.935050,522189.355015,523309.606730
2025-02-13,53749.239419,46459.036800,45963.607846,6000.000000,6000.000000,7517.340111,111.165341,0.000000,640923.174469,568648.391815,569273.214576
2025-02-14,20199.176782,18353.992906,18175.009220,6000.000000,6000.000000,7139.840037,106.765617,0.000000,661122.351251,587002.384722,587448.223796
2025-02-15,19657.980469,18391.878771,19056.074273,5972.802667,6000.000000,8550.000000,7.621017,0.000000,680780.331720,605394.263492,606504.298069
2025-02-16,52658.899642,49255.879375,49247.529375,6000.000000,6000.000000,8550.000000,111.923317,0.000000,733439.231362,654650.142868,655751.827444
2025-02-17,51809.999889,46165.597357,46157.247357,5984.207407,6000.000000,8550.000000,66.374598,0.000000,785249.231251,700815.740225,701909.074802
2025-02-18,51678.825161,46872.745542,46864.395542,6000.000000,6000.000000,8550.000000,125.888963,0.000000,836928.056412,747688.485767,748773.470344
2025-02-19,51838.072549,47747.895896,47739.545896,5937.878655,6000.000000,8550.000000,295.687323,0.000000,888766.128961,795436.381663,796513.016240
2025-02-20,51639.649105,46140.522815,45375.285791,6000.000000,6000.000000,6944.709148,128.095157,0.000000,940405.778066,841576.904478,841888.302031
2025-02-21,19179.079184,17456.858258,17319.365032,6000.000000,6000.000000,6654.112130,27.261483,0.000000,959584.857250,859033.762736,859207.667063
2025-02-22,19198.542663,17670.699380,18564.126492,5933.329648,6000.000000,8550.000000,44.811100,0.000000,978783.399913,876704.462115,877771.793555
2025-02-23,50450.578114,46347.336383,46338.986383,6000.000000,6000.000000,8550.000000,52.820570,0.000000,1029233.978027,923051.798499,924110.779938
2025-02-24,50191.303914,44260.652759,44252.302759,6000.000000,6000.000000,8550.000000,32.140833,0.000000,1079425.281941,967312.451258,968363.082697
2025-02-25,49997.926289,42744.950145,42736.600145,6000.000000,6000.000000,8550.000000,56.549800,0.000000,1129423.208230,1010057.401403,1011099.682843
2025-02-26,49449.352428,44493.982715,44485.632715,6000.000000,6000.000000,8550.000000,77.636622,0.000000,1178872.560658,1054551.384117,1055585.315557
2025-02-27,49186.976842,43959.004680,42911.302146,6000.000000,6000.000000,6345.136130,59.464342,0.000000,1228059.537500,1098510.388798,1098496.617703
2025-02-28,18561.366577,16908.694757,16595.448978,6000.000000,6000.000000,5680.620926,4.347858,0.000000,1246620.904077,1115419.083554,1115092.066681
2025-03-01,18409.177646,16474.868924,17808.580536,6000.000000,6000.000000,8550.000000,0.000000,0.000000,1265030.081723,1131893.952479,1132900.647217
2025-03-02,62154.953151,47119.481118,47111.131118,5974.688574,6000.000000,8550.000000,2563.739122,0.000000,1327185.034874,1179013.433597,1180011.778335
2025-03-03,52499.986761,47074.397484,47066.047484,5996.351685,6000.000000,8550.000000,105.771717,0.000000,1379685.021635,1226087.831081,1227077.825819
2025-03-04,52400.696335,44684.836800,44676.486800,5993.841611,6000.000000,8550.000000,0.000000,0.000000,1432085.717970,1270772.667882,1271754.312619
2025-03-05,50236.588905,42698.286364,42689.936364,5979.759259,6000.000000,8550.000000,90.971200,0.000000,1482322.306875,1313470.954245,1314444.248983
2025-03-06,48907.916252,42563.456967,40904.605398,6000.000000,6000.000000,5047.424093,70.189967,0.000000,1531230.223127,1356034.411212,1355348.854381
2025-03-07,18309.765910,15759.997670,15725.660227,6000.000000,6000.000000,5098.119685,0.000000,0.000000,1549539.989037,1371794.408882,1371074.514608
2025-03-08,17662.944488,15840.108838,17412.153209,5994.475815,6000.000000,8550.000000,0.000000,0.000000,1567202.933525,1387634.517720,1388486.667817
2025-03-09,46972.761810,40919.026217,40910.676217,6000.000000,6000.000000,8550.000000,120.021056,0.000000,1614175.695335,1428553.543937,1429397.344034
2025-03-10,45690.546188,43540.670215,43532.320215,5991.874074,6000.000000,8550.000000,101.896303,0.000000,1659866.241523,1472094.214152,1472929.664249
2025-03-11,46902.036529,41108.341790,41099.991790,6000.000000,6000.000000,8550.000000,42.425836,0.000000,1706768.278052,1513202.555942,1514029.656039
2025-03-12,46598.860007,40254.537649,40246.187649,5993.153704,6000.000000,8550.000000,69.614167,0.000000,1753367.138059,1553457.093591,1554275.843688
2025-03-13,46869.225647,43370.011886,41518.551249,6000.000000,6000.000000,4637.038926,187.095083,0.000000,1800236.363706,1596827.105476,1595794.394937
2025-03-14,16693.006968,15290.578837,15279.031324,6000.000000,6000.000000,4798.077074,6.227083,0.000000,1816929.370674,1612117.684313,1611073.426260
2025-03-15,17422.526056,15690.082528,17381.996923,5828.154918,6000.000000,8550.000000,217.245010,0.000000,1834351.896730,1627807.766842,1628455.423184
2025-03-16,46656.931647,40559.770808,40551.420808,5944.405481,6000.000000,8550.000000,101.469330,0.000000,1881008.828377,1668367.537650,1669006.843992
2025-03-17,45856.193481,37256.341063,37247.991063,6000.000000,6000.000000,8550.000000,11.073267,0.000000,1926865.021858,1705623.878712,1706254.835054
2025-03-18,45715.187122,39284.752854,39276.402854,6000.000000,6000.000000,8550.000000,13.253550,0.000000,1972580.208980,1744908.631566,1745531.237908
2025-03-19,45045.475399,38292.821140,38284.471140,6000.000000,6000.000000,8550.000000,0.000000,0.000000,2017625.684379,1783201.452706,1783815.709048
2025-03-20,43626.832001,39945.237369,37960.531274,6000.000000,6000.000000,4352.866148,193.021884,0.000000,2061252.516380,1823146.690075,1821776.240322
2025-03-21,16541.621062,14859.693023,14653.432907,6000.000000,6000.000000,4141.371204,0.000000,0.000000,2077794.137442,1838006.383098,1836429.673229
2025-03-22,16296.198811,14721.642698,16674.897689,5950.714556,6000.000000,8550.000000,0.000000,0.000000,2094090.336253,1852728.025796,1853104.570918
2025-03-23,42377.018321,37602.913129,37594.563129,6000.000000,6000.000000,8550.000000,51.396995,0.000000,2136467.354574,1890330.938925,1890699.134047
2025-03-24,42034.342555,37322.756080,37314.406080,5923.169963,6000.000000,8550.000000,17.464829,0.000000,2178501.697129,1927653.695006,1928013.540128
2025-03-25,41785.731439,39028.333497,39019.983497,6000.000000,6000.000000,8550.000000,41.014188,0.000000,2220287.428568,1966682.028503,1967033.523625
2025-03-26,41914.698079,35826.265381,35817.915381,6000.000000,6000.000000,8550.000000,21.547600,0.000000,2262202.126647,2002508.293884,2002851.439006
2025-03-27,41984.617834,37579.651587,35512.876094,6000.000000,6000.000000,4177.778704,201.453817,0.000000,2304186.744481,2040087.945471,2038364.315100
2025-03-28,15562.864776,14324.513341,13990.823924,6000.000000,6000.000000,3720.396352,0.000000,0.000000,2319749.609257,2054412.458812,2052355.139023
2025-03-29,15796.111112,14549.764475,16669.675660,6000.000000,6000.000000,8550.000000,27.914250,0.000000,2335545.720369,2068962.223287,2069024.814683
2025-03-30,40396.248657,35453.334775,35444.984775,5990.266667,6000.000000,8550.000000,128.035293,0.000000,2375941.969026,2104415.558062,2104469.799458
2025-03-31,41797.440204,36378.807294,36370.457294,6000.000000,6000.000000,8550.000000,473.090450,0.000000,2417739.409230,2140794.365356,2140840.256752
2025-04-01,41153.494685,37969.675168,37961.325168,6000.000000,6000.000000,8550.000000,350.458042,0.000000,2458892.903915,2178764.040524,2178801.581920
2025-04-02,44771.374404,38225.009213,38216.659213,6000.000000,6000.000000,8550.000000,787.494964,0.000000,2503664.278319,2216989.049737,2217018.241133
2025-04-03,41682.986237,35928.512066,33594.485123,6000.000000,6000.000000,3606.321574,0.269850,0.000000,2545347.264556,2252917.561803,2250612.726255
2025-04-04,15523.159285,13643.684749,13321.792773,6000.000000,6000.000000,3260.977148,0.000000,0.000000,2560870.423841,2266561.246552,2263934.519028
2025-04-05,15411.343881,13996.117834,16297.645911,6000.000000,6000.000000,8550.000000,0.000000,0.000000,2576281.767722,2280557.364386,2280232.164938
2025-04-06,40605.375729,34860.473340,34852.123340,6000.000000,6000.000000,8550.000000,25.133194,0.000000,2616887.143451,2315417.837726,2315084.288279
2025-04-07,39870.200392,33967.389666,33959.039666,5992.183333,6000.000000,8550.000000,22.012083,0.000000,2656757.343843,2349385.227392,2349043.327945
2025-04-08,39677.319684,35145.503964,35137.153964,5986.595630,6000.000000,8550.000000,22.140933,0.000000,2696434.663527,2384530.731356,2384180.481909
2025-04-09,40705.121015,37247.105663,37238.755663,6000.000000,6000.000000,8550.000000,368.125100,0.000000,2737139.784542,2421777.837019,2421419.237572
2025-04-10,40316.820207,35111.009352,32598.371892,6000.000000,6000.000000,3223.812019,169.033668,0.000000,2777456.604749,2456888.846372,2454017.609464
2025-04-11,15043.857863,13453.642078,13013.161819,6000.000000,6000.000000,2682.215796,0.000000,0.000000,2792500.462612,2470342.488450,2467030.771283
2025-04-12,15166.731438,13223.670443,15754.048467,5976.816667,6000.000000,8550.000000,7.778824,0.000000,2807667.194050,2483566.158893,2482784.819750
2025-04-13,38981.605843,34633.427100,34625.077100,6000.000000,6000.000000,8550.000000,33.943333,0.000000,2846648.799893,2518199.585992,2517409.896850
2025-04-14,38978.470683,33325.619045,33034.069045,6000.000000,6000.000000,7950.000000,134.330017,0.000000,2885627.270576,2551525.205038,2550443.965895
2025-04-15,38129.801178,32588.590877,32866.202182,6000.000000,6000.000000,8550.000000,0.000000,0.000000,2923757.071754,2584113.795914,2583310.168077
2025-04-16,38211.961686,35111.340664,35102.990664,5977.082630,6000.000000,8550.000000,110.255093,0.000000,2961969.033440,2619225.136579,2618413.158741
2025-04-17,37913.646359,33918.642881,31174.453355,6000.000000,6000.000000,2727.392630,10.452500,0.000000,2999882.679799,2653143.779460,2649587.612096
2025-04-18,14782.258257,12663.127529,12446.504913,6000.000000,6000.000000,2741.627315,18.905933,0.000000,3014664.938056,2665806.906989,2662034.117009
2025-04-19,14578.289124,12587.134221,15094.053565,5978.107093,6000.000000,8550.000000,29.222117,0.000000,3029243.227180,2678394.041210,2677128.170574
2025-04-20,37322.982453,33029.440587,32737.890587,5978.451852,6000.000000,7950.000000,0.000000,0.000000,3066566.209633,2711423.481797,2709866.061161
2025-04-21,37356.607877,31292.876126,31572.861324,6000.000000,6000.000000,8550.000000,106.934327,0.000000,3103922.817510,2742716.357923,2741438.922485
2025-04-22,37349.785087,33002.395539,32994.045539,5963.396296,6000.000000,8550.000000,87.090283,0.000000,3141272.602597,2775718.753462,2774432.968024
2025-04-23,37186.066467,32439.376978,32147.826978,6000.000000,6000.000000,7950.000000,92.979994,0.000000,3178458.669064,2808158.130440,2806580.795002
2025-04-24,36618.201785,30788.004950,28127.885552,6000.000000,6000.000000,2287.612963,2.902500,0.000000,3215076.870849,2838946.135390,2834708.680554
2025-04-25,13736.870334,12194.430835,11900.625281,6000.000000,6000.000000,2202.394148,0.000000,0.000000,3228813.741183,2851140.566225,2846609.305835
2025-04-26,13806.045854,12572.853401,15009.221729,5993.174056,6000.000000,7950.000000,38.226767,0.000000,3242619.787037,2863713.419627,2861618.527564
2025-04-27,35377.489040,31786.308834,32064.873153,5978.735185,6000.000000,8550.000000,143.736366,0.000000,3277997.276077,2895499.728461,2893683.400717
2025-04-28,51170.814130,35286.584712,34522.549415,6000.000000,6000.000000,6947.259981,2693.198090,0.000000,3329168.090207,2930786.313173,2928205.950132
2025-04-29,37565.476530,31137.383784,31609.277073,6000.000000,6000.000000,7950.000000,185.122717,0.000000,3366733.566737,2961923.696958,2959815.227205
2025-04-30,36266.763068,30734.310629,30730.042006,5917.545685,6000.000000,7950.000000,6.844407,0.000000,3403000.329805,2992658.007587,2990545.269212
2025-05-01,45102.164505,34407.227755,31942.480839,5603.651290,6000.000000,2711.401426,1570.274570,0.000000,3448102.494310,3027065.235342,3022487.750051
2025-05-02,22959.000627,15326.724029,14945.915962,5791.816913,6000.000000,2374.917889,1694.907383,0.000000,3471061.494937,3042391.959370,3037433.666013
2025-05-03,19782.053588,14741.980210,17110.415509,5873.021673,6000.000000,7950.000000,955.917045,0.000000,3490843.548525,3057133.939581,3054544.081523
2025-05-04,43672.544843,33879.416408,34158.482291,5622.157328,6000.000000,8550.000000,1166.919312,0.000000,3534516.093368,3091013.355989,3088702.563814
2025-05-05,40209.855935,35634.865886,35503.826747,6000.000000,6000.000000,8290.065383,383.524356,0.000000,3574725.949303,3126648.221875,3124206.390561
2025-05-06,39673.421908,34535.129143,34650.363612,5968.805556,6000.000000,8550.000000,169.784714,0.000000,3614399.371211,3161183.351018,3158856.754173
2025-05-07,40112.654826,36069.816766,36061.466766,5983.554759,6000.000000,8550.000000,210.711939,0.000000,3654512.026037,3197253.167784,3194918.220939
2025-05-08,40891.527577,35933.882411,33083.181962,6000.000000,6000.000000,2498.470130,359.047761,0.000000,3695403.553614,3233187.050195,3228001.402901
2025-05-09,16140.948356,14443.958224,14095.273461,6000.000000,6000.000000,2263.782398,116.107050,0.000000,3711544.501970,3247631.008418,3242096.676363
2025-05-10,15851.145519,14445.534507,17141.121919,5985.587037,6000.000000,8550.000000,34.222950,0.000000,3727395.647489,3262076.542925,3259237.798281
2025-05-11,40957.662636,35752.343880,35460.793880,5969.874778,6000.000000,7950.000000,247.791819,0.000000,3768353.310125,3297828.886806,3294698.592162
2025-05-12,39842.437455,33836.769385,34115.555146,6000.000000,6000.000000,8550.000000,121.982405,0.000000,3808195.747580,3331665.656190,3328814.147308
2025-05-13,39565.551327,34285.389724,34277.039724,6000.000000,6000.000000,8550.000000,2.280000,0.000000,3847761.298907,3365951.045914,3363091.187031
2025-05-14,39255.167868,34207.268049,34129.988732,5974.872130,6000.000000,8403.963313,16.957837,0.000000,3887016.466775,3400158.313962,3397221.175764
2025-05-15,39133.651899,34266.100478,31139.240387,6000.000000,6000.000000,1738.952630,65.553783,0.000000,3926150.118674,3434424.414440,3428360.416150
2025-05-16,15829.879290,13626.698396,13324.891342,6000.000000,6000.000000,1700.887370,49.120105,0.000000,3941979.997964,3448051.112836,3441685.307492
2025-05-17,16000.051661,14479.672293,17397.056677,5976.142593,6000.000000,8550.000000,66.942300,0.000000,3957980.049625,3462530.785128,3459082.364169
2025-05-18,38990.117222,34102.073337,33400.689309,6000.000000,6000.000000,7080.246167,146.351140,0.000000,3996970.166847,3496632.858465,3492483.053477
2025-05-19,38987.387409,31747.863454,32440.187263,5998.341722,6000.000000,8550.000000,67.003333,0.000000,4035957.554256,3528380.721919,3524923.240741
2025-05-20,39335.849464,34946.604018,34655.054018,6000.000000,6000.000000,7950.000000,224.203417,0.000000,4075293.403720,3563327.325937,3559578.294759
2025-05-21,39116.969756,33694.601625,33692.120429,5951.894574,6000.000000,7950.000000,204.110310,0.000000,4114410.373476,3597021.927562,3593270.415187
2025-05-22,38661.404068,33154.245673,30261.404119,6000.000000,6000.000000,1777.963778,46.965133,0.000000,4153071.777544,3630176.173235,3623531.819306
2025-05-23,15645.628413,13622.360655,13289.331664,6000.000000,6000.000000,1664.534685,8.403428,0.000000,4168717.405957,3643798.533890,3636821.150970
2025-05-24,15607.895413,13428.810711,15475.580886,6000.000000,6000.000000,6673.143042,4.717850,0.000000,4184325.301370,3657227.344601,3652296.731856
2025-05-25,37559.806261,32071.032112,32955.482978,6000.000000,6000.000000,8550.000000,1.357687,0.000000,4221885.107631,3689298.376713,3685252.214834
2025-05-26,37139.810413,34826.445847,34509.870245,6000.000000,6000.000000,7896.892143,45.454983,0.000000,4259024.918044,3724124.822560,3719762.085078
2025-05-27,37730.350834,32221.680913,32527.621740,6000.000000,6000.000000,8550.000000,42.023905,0.000000,4296755.268878,3756346.503473,3752289.706818
2025-05-28,37542.209395,33612.398493,33604.048493,5994.535185,6000.000000,8550.000000,50.702627,0.000000,4334297.478273,3789958.901965,3785893.755311
2025-05-29,38000.449538,34933.920218,31841.611369,6000.000000,6000.000000,1979.006296,125.573540,0.000000,4372297.927811,3824892.822184,3817735.366680
2025-05-30,16096.610768,13763.791227,13515.027271,6000.000000,6000.000000,2038.858796,184.964283,0.000000,4388394.538579,3838656.613411,3831250.393951
2025-05-31,15182.786311,13501.524253,16285.828361,5830.330537,6000.000000,8550.000000,0.399833,0.000000,4403577.324890,3852158.137664,3847536.222312
2025-06-01,92924.477761,46024.812916,46016.462916,5015.465233,6000.000000,8550.000000,10390.065794,0.000000,4496501.802651,3898182.950580,3893552.685228
2025-06-02,76948.543672,45130.214237,45121.864237,5115.046113,6000.000000,8550.000000,7650.529929,0.000000,4573450.346323,3943313.164817,3938674.549465
2025-06-03,52013.680936,44492.716055,44484.366055,5946.285704,6000.000000,8550.000000,727.637258,0.000000,4625464.027259,3987805.880872,3983158.915520
2025-06-04,52768.880295,44940.081573,44931.731573,5998.098148,6000.000000,8550.000000,1235.040223,0.000000,4678232.907554,4032745.962445,4028090.647093
2025-06-05,51875.460796,46275.777780,43519.099894,6000.000000,6000.000000,2700.619111,911.308356,0.000000,4730108.368350,4079021.740225,4071609.746987
2025-06-06,41065.249278,20768.344748,20543.035063,5249.717111,6000.000000,2700.544852,5608.948718,0.000000,4771173.617628,4099790.084973,4092152.782050
2025-06-07,22582.573930,19763.413896,22286.517806,5832.437963,6000.000000,8550.000000,195.129983,0.000000,4793756.191558,4119553.498869,4114439.299855
2025-06-08,54031.820857,42668.347628,42659.997628,5992.485204,6000.000000,8550.000000,50.263750,0.000000,4847788.012415,4162221.846497,4157099.297483
2025-06-09,55389.270271,46499.200340,46490.850340,5961.734741,6000.000000,8550.000000,756.898573,0.000000,4903177.282686,4208721.046836,4203590.147823
2025-06-10,52074.270609,46588.424404,46580.074404,5998.875926,6000.000000,8550.000000,139.957586,0.000000,4955251.553295,4255309.471240,4250170.222227
2025-06-11,60271.911811,50338.452578,50330.102578,6000.000000,6000.000000,8550.000000,2113.328297,0.000000,5015523.465106,4305647.923818,4300500.324805
2025-06-12,53130.712748,47572.717735,44832.291180,6000.000000,6000.000000,2735.459981,130.502883,0.000000,5068654.177854,4353220.641553,4345332.615985
2025-06-13,21531.616268,19625.126784,19236.135705,6000.000000,6000.000000,2378.505481,198.242583,0.000000,5090185.794122,4372845.768337,4364568.751689
2025-06-14,20948.567716,19545.693531,22195.612992,5968.909019,6000.000000,8550.000000,105.166883,0.000000,5111134.361838,4392391.461868,4386764.364681
2025-06-15,52763.657932,45832.707686,45824.357686,6000.000000,6000.000000,8550.000000,53.865117,0.000000,5163898.019770,4438224.169554,4432588.722367
2025-06-16,52501.478988,47555.651517,47547.301517,6000.000000,6000.000000,8550.000000,163.929969,0.000000,5216399.498758,4485779.821071,4480136.023884
2025-06-17,58128.680619,48968.221511,48959.871511,6000.000000,6000.000000,8550.000000,1496.517993,0.000000,5274528.179377,4534748.042582,4529095.895395
2025-06-18,52118.311081,46025.602877,46017.252877,6000.000000,6000.000000,8550.000000,15.676483,0.000000,5326646.490458,4580773.645459,4575113.148272
2025-06-19,52692.953401,44653.695690,41609.016673,6000.000000,6000.000000,2081.411574,204.609400,0.000000,5379339.443859,4625427.341148,4616722.164944
2025-06-20,21041.087875,18335.740954,18196.500422,6000.000000,6000.000000,2361.059963,25.242083,0.000000,5400380.531734,4643763.082102,4634918.665366
2025-06-21,20815.339262,17813.708869,20470.693303,6000.000000,6000.000000,8550.000000,38.221887,0.000000,5421195.870996,4661576.790971,4655389.358669
2025-06-22,51400.210934,43826.719168,43818.369168,6000.000000,6000.000000,8550.000000,183.338331,0.000000,5472596.081930,4705403.510139,4699207.727837
2025-06-23,50443.300039,44177.235502,44168.885502,6000.000000,6000.000000,8550.000000,15.346650,0.000000,5523039.381969,4749580.745642,4743376.613339
2025-06-24,60342.908015,50044.729938,50036.379938,5980.944444,6000.000000,8550.000000,2232.704245,0.000000,5583382.289984,4799625.475580,4793412.993277
2025-06-25,52461.919083,45523.120013,45514.770013,6000.000000,6000.000000,8550.000000,50.722950,0.000000,5635844.209067,4845148.595592,4838927.763290
2025-06-26,51747.581829,43982.656035,41039.084766,6000.000000,6000.000000,2298.795648,109.242317,0.000000,5687591.790896,4889131.251627,4879966.848056
2025-06-27,20580.562641,17719.899572,17464.172749,6000.000000,6000.000000,2294.559037,45.061117,0.000000,5708172.353537,4906851.151199,4897431.020805
2025-06-28,20238.800948,17832.059237,20515.441153,5889.458093,6000.000000,8550.000000,10.682917,0.000000,5728411.154485,4924683.210436,4917946.461957
2025-06-29,50706.998962,44675.587423,44667.237423,6000.000000,6000.000000,8550.000000,165.979848,0.000000,5779118.153447,4969358.797859,4962613.699380
2025-06-30,51450.863418,45221.710273,45213.360273,5821.739315,6000.000000,8550.000000,364.281700,0.000000,5830569.016865,5014580.508132,5007827.059653
2025-07-01,69078.438991,51727.153961,51718.803961,4869.609413,6000.000000,8550.000000,4765.364544,0.000000,5899647.455856,5066307.662093,5059545.863614
2025-07-02,66332.705105,47980.044930,47971.694930,5094.166760,6000.000000,8550.000000,3771.208783,0.000000,5965980.160961,5114287.707023,5107517.558544
2025-07-03,61841.204579,52622.412108,49914.026192,6000.000000,6000.000000,2804.151204,867.886936,0.000000,6027821.365540,5166910.119131,5157431.584736
2025-07-04,41660.111556,24369.493502,24199.419905,4937.591435,6000.000000,2905.702537,5638.639667,0.000000,6069481.477096,5191279.612633,5181631.004641
2025-07-05,27236.191835,24715.660143,27158.396238,5849.408185,6000.000000,8550.000000,283.745483,0.000000,6096717.668931,5215995.272776,5208789.400879
2025-07-06,60005.189479,53087.619685,53079.269685,5988.078926,6000.000000,8550.000000,785.695114,0.000000,6156722.858410,5269082.892461,5261868.670564
2025-07-07,58163.044361,48177.682459,48169.332459,5991.943000,6000.000000,8550.000000,408.810441,0.000000,6214885.902771,5317260.574920,5310038.003023
2025-07-08,58403.325107,50474.175478,50465.825478,6000.000000,6000.000000,8550.000000,295.396179,0.000000,6273289.227878,5367734.750398,5360503.828501
2025-07-09,57432.670804,48920.562788,48912.212788,6000.000000,6000.000000,8550.000000,218.473283,0.000000,6330721.898682,5416655.313185,5409416.041288
2025-07-10,54921.660619,48585.935682,46102.863025,6000.000000,6000.000000,3287.195352,146.739700,0.000000,6385643.559301,5465241.248867,5455518.904313
2025-07-11,27138.530856,24331.042236,23965.882093,6000.000000,6000.000000,2896.492889,494.682300,0.000000,6412782.090157,5489572.291103,5479484.786406
2025-07-12,26712.544152,24696.935172,27143.120662,5899.068278,6000.000000,8550.000000,255.289248,0.000000,6439494.634309,5514269.226274,5506627.907069
2025-07-13,56046.980600,46587.990236,46579.640236,6000.000000,6000.000000,8550.000000,109.855867,0.000000,6495541.614909,5560857.216510,5553207.547305
2025-07-14,55751.536086,47724.199012,47715.849012,6000.000000,6000.000000,8550.000000,228.326821,0.000000,6551293.150995,5608581.415523,5600923.396317
2025-07-15,55997.448511,48003.274841,47994.924841,6000.000000,6000.000000,8550.000000,565.731700,0.000000,6607290.599506,5656584.690363,5648918.321158
2025-07-16,54890.768138,47808.545973,47800.195973,6000.000000,6000.000000,8550.000000,141.575633,0.000000,6662181.367644,5704393.236336,5696718.517130
2025-07-17,55330.969685,48528.140967,45746.359314,6000.000000,6000.000000,2646.647185,335.434798,0.000000,6717512.337329,5752921.377303,5742464.876444
2025-07-18,26242.731452,23621.955888,23152.382950,6000.000000,6000.000000,2128.760296,56.457100,0.000000,6743755.068781,5776543.333191,5765617.259393
2025-07-19,26377.757939,24325.256744,27075.138029,5881.582463,6000.000000,8550.000000,120.412283,0.000000,6770132.826720,5800868.589935,5792692.397422
2025-07-20,54441.565733,47513.729792,47505.379792,5998.213278,6000.000000,8550.000000,12.857150,0.000000,6824574.392453,5848382.319727,5840197.777215
2025-07-21,54565.484709,48949.766086,48941.416086,5979.027778,6000.000000,8550.000000,175.990029,0.000000,6879139.877162,5897332.085813,5889139.193300
2025-07-22,56189.259372,48694.216039,48685.866039,6000.000000,6000.000000,8550.000000,590.983059,0.000000,6935329.136534,5946026.301852,5937825.059340
2025-07-23,54162.585914,49306.982641,49298.632641,5992.357667,6000.000000,8550.000000,65.252950,0.000000,6989491.722448,5995333.284493,5987123.691981
2025-07-24,55837.499860,48805.991643,45980.683047,6000.000000,6000.000000,2553.063218,487.115406,0.000000,7045329.222308,6044139.276136,6033104.375028
2025-07-25,26841.458553,23332.988084,23188.321138,6000.000000,6000.000000,2746.811407,118.884576,0.000000,7072170.680861,6067472.264221,6056292.696166
2025-07-26,25885.208011,23636.904749,26142.392505,5998.400000,6000.000000,8550.000000,0.000000,0.000000,7098055.888872,6091109.168969,6082435.088670
2025-07-27,53900.602998,48706.922516,48698.572516,5998.566667,6000.000000,8550.000000,85.794734,0.000000,7151956.491870,6139816.091485,6131133.661186
2025-07-28,55009.460026,51287.274291,51278.924291,6000.000000,6000.000000,8550.000000,392.275291,0.000000,7206965.951896,6191103.365775,6182412.585477
2025-07-29,54749.587576,49862.140999,49853.790999,6000.000000,6000.000000,8550.000000,133.854150,0.000000,7261715.539472,6240965.506774,6232266.376475
2025-07-30,54897.473785,48952.006676,48943.656676,6000.000000,6000.000000,8550.000000,185.273948,0.000000,7316613.013257,6289917.513450,6281210.033151
2025-07-31,54563.776301,49476.159922,46454.582914,6000.000000,6000.000000,2131.081444,102.108250,0.000000,7371176.789558,6339393.673372,6327664.616065
2025-08-01,25946.781391,22915.396662,22784.689721,6000.000000,6000.000000,2417.869648,12.545267,0.000000,7397123.570949,6362309.070034,6350449.305786
2025-08-02,25648.088833,22781.927848,25134.188065,5907.773296,6000.000000,7950.000000,0.000000,0.000000,7422771.659782,6385090.997883,6375583.493852
2025-08-03,54359.725056,42832.115619,43060.609788,6000.000000,6000.000000,8440.953208,114.385633,0.000000,7477131.384838,6427923.113502,6418644.103639
2025-08-04,53259.891164,43957.542255,44001.037946,5969.728370,6000.000000,8550.000000,4.497100,0.000000,7530391.276002,6471880.655757,6462645.141585
2025-08-05,52694.392119,43497.488295,43489.138295,6000.000000,6000.000000,8550.000000,4.311050,0.000000,7583085.668121,6515378.144051,6506134.279880
2025-08-06,53384.741897,45636.754165,45345.204165,5947.821833,6000.000000,7950.000000,250.119000,0.000000,7636470.410018,6561014.898217,6551479.484045
2025-08-07,51523.499196,42954.300159,40552.335575,6000.000000,6000.000000,2845.993204,26.024183,0.000000,7687993.909214,6603969.198375,6592031.819621
2025-08-08,25399.478897,22370.896782,22125.116065,6000.000000,6000.000000,2779.366204,13.943067,0.000000,7713393.388111,6626340.095157,6614156.935686
2025-08-09,25076.411692,22589.517544,25081.845390,6000.000000,6000.000000,8550.000000,0.000000,0.000000,7738469.799803,6648929.612701,6639238.781076
2025-08-10,49821.963956,43813.920569,43723.688383,6000.000000,6000.000000,8376.520793,2.470100,0.000000,7788291.763759,6692743.533270,6682962.469460
2025-08-11,49317.642824,43517.484530,43591.614255,6000.000000,6000.000000,8550.000000,65.727833,0.000000,7837609.406583,6736261.017800,6726554.083715
2025-08-12,50079.559512,45495.028918,45486.678918,6000.000000,6000.000000,8550.000000,307.101117,0.000000,7887688.966095,6781756.046718,6772040.762633
2025-08-13,50150.069241,43983.011123,43974.661123,6000.000000,6000.000000,8550.000000,106.950624,0.000000,7937839.035336,6825739.057841,6816015.423756
2025-08-14,49991.847455,44487.638653,41868.791818,6000.000000,6000.000000,2996.112074,50.862133,0.000000,7987830.882791,6870226.696494,6857884.215574
2025-08-15,24948.941845,22598.033443,22261.771693,6000.000000,6000.000000,2711.688574,0.000000,0.000000,8012779.824636,6892824.729937,6880145.987268
2025-08-16,24957.858753,22697.057229,24933.076251,6000.000000,6000.000000,7950.000000,35.916317,0.000000,8037737.683389,6915521.787166,6905079.063518
2025-08-17,49155.241927,43032.471316,43310.806734,5967.910222,6000.000000,8550.000000,125.712733,0.000000,8086892.925316,6958554.258482,6948389.870253
2025-08-18,48591.673766,43607.062001,43315.512001,6000.000000,6000.000000,7950.000000,141.229683,0.000000,8135484.599082,7002161.320483,6991705.382254
2025-08-19,49003.717291,43502.367367,43779.470251,6000.000000,6000.000000,8550.000000,182.081917,0.000000,8184488.316373,7045663.687851,7035484.852505
2025-08-20,54463.554721,46850.840508,46842.490508,5990.835185,6000.000000,8550.000000,1310.029067,0.000000,8238951.871094,7092514.528359,7082327.343013
2025-08-21,49801.837530,44030.206307,41318.389813,6000.000000,6000.000000,2796.796463,75.835033,0.000000,8288753.708624,7136544.734666,7123645.732826
2025-08-22,25733.064679,23548.561841,23305.992387,6000.000000,6000.000000,2744.058352,189.032533,0.000000,8314486.773303,7160093.296507,7146951.725212
2025-08-23,25197.378276,22982.945702,25206.162449,6000.000000,6000.000000,7950.000000,12.040000,0.000000,8339684.151579,7183076.242209,7172157.887661
2025-08-24,49783.075725,43846.633660,44124.034009,6000.000000,6000.000000,8550.000000,51.758867,0.000000,8389467.227304,7226922.875869,7216281.921670
2025-08-25,54376.224647,47191.771512,47183.421512,6000.000000,6000.000000,8550.000000,1090.632967,0.000000,8443843.451951,7274114.647381,7263465.343182
2025-08-26,50253.050961,44341.072402,44332.722402,6000.000000,6000.000000,8550.000000,98.034533,0.000000,8494096.502912,7318455.719783,7307798.065584
2025-08-27,50021.269640,45827.261025,45818.911025,6000.000000,6000.000000,8550.000000,47.862550,0.000000,8544117.772552,7364282.980807,7353616.976609
2025-08-28,50846.287644,46943.588599,44749.400761,6000.000000,6000.000000,3905.336056,118.310917,0.000000,8594964.060196,7411226.569406,7398366.377370
2025-08-29,25993.834066,23317.249642,22603.309794,6000.000000,6000.000000,2673.660333,17.381250,0.000000,8620957.894262,7434543.819048,7420969.687164
2025-08-30,25599.103006,23390.413743,25924.742493,5997.377778,6000.000000,8550.000000,23.448650,0.000000,8646556.997268,7457934.232791,7446894.429658
2025-08-31,50606.318049,44986.980325,44695.430325,6000.000000,6000.000000,7950.000000,9.646467,0.000000,8697163.315317,7502921.213116,7491589.859983
2025-09-01,50399.625935,35447.508186,35725.005132,6000.000000,6000.000000,8550.000000,0.000000,0.000000,8747562.941252,7538368.721301,7527314.865114
2025-09-02,48987.957844,35862.442597,35570.892597,6000.000000,6000.000000,7950.000000,0.000000,0.000000,8796550.899096,7574231.163898,7562885.757711
2025-09-03,48565.340901,37092.264030,37086.819184,6000.000000,6000.000000,7950.000000,3.416483,0.000000,8845116.239997,7611323.427928,7599972.576896
2025-09-04,46039.666437,36640.881433,34343.878419,6000.000000,6000.000000,3072.284111,31.135933,0.000000,8891155.906434,7647964.309361,7634316.455315
2025-09-05,25960.242646,16408.365309,16325.722910,6000.000000,6000.000000,3321.530611,0.000000,0.000000,8917116.149080,7664372.674670,7650642.178224
2025-09-06,24969.991385,16544.207800,18821.827219,6000.000000,6000.000000,8550.000000,0.000000,0.000000,8942086.140465,7680916.882470,7669464.005444
2025-09-07,40546.998143,36275.073373,36266.723373,5963.015352,6000.000000,8550.000000,73.437440,0.000000,8982633.138608,7717191.955843,7705730.728816
2025-09-08,45895.560274,39068.200690,38776.650690,5930.670833,6000.000000,7950.000000,1420.901356,0.000000,9028528.698882,7756260.156533,7744507.379507
2025-09-09,41528.668863,36779.284201,37057.881726,6000.000000,6000.000000,8550.000000,319.921752,0.000000,9070057.367745,7793039.440734,7781565.261232
2025-09-10,47279.941933,40004.051208,39903.817012,6000.000000,6000.000000,8355.330093,1544.205139,0.000000,9117337.309678,7833043.491943,7821469.078244
2025-09-11,41550.535894,36573.924163,34414.030697,6000.000000,6000.000000,3780.759389,64.606683,0.000000,9158887.845572,7869617.416106,7855883.108941
2025-09-12,23170.891391,17121.248727,16914.629655,6000.000000,6000.000000,3655.649241,0.000000,0.000000,9182058.736963,7886738.664833,7872797.738596
2025-09-13,19727.628515,17194.793373,19340.302735,5880.898148,6000.000000,8550.000000,543.306317,0.000000,9201786.365478,7903933.458206,7892138.041331
2025-09-14,41384.167431,39410.738844,39402.388844,6000.000000,6000.000000,8550.000000,77.384950,0.000000,9243170.532909,7943344.197051,7931540.430175
2025-09-15,43238.302949,37480.147205,37471.797205,6000.000000,6000.000000,8550.000000,503.128044,0.000000,9286408.835858,7980824.344255,7969012.227380
2025-09-16,42648.244475,39248.041961,39239.691961,5907.758241,6000.000000,8550.000000,382.210476,0.000000,9329057.080333,8020072.386217,8008251.919341
2025-09-17,42491.633680,39396.628425,39388.278425,6000.000000,6000.000000,8550.000000,183.833483,0.000000,9371548.714013,8059469.014641,8047640.197766
2025-09-18,42453.180836,39138.223272,36953.404200,6000.000000,6000.000000,3925.369056,57.486200,0.000000,9414001.894849,8098607.237913,8084593.601966
2025-09-19,19320.527694,17448.406942,17474.740851,6000.000000,6000.000000,4276.081259,290.615783,0.000000,9433322.422543,8116055.644855,8102068.342818
2025-09-20,20474.745199,17543.159986,19442.795885,5720.111648,6000.000000,8550.000000,673.931648,0.000000,9453797.167742,8133598.804841,8121511.138703
2025-09-21,43858.333677,38604.573249,38596.223249,6000.000000,6000.000000,8550.000000,129.240583,0.000000,9497655.501419,8172203.378090,8160107.361951
2025-09-22,43726.710100,40018.565891,40010.215891,6000.000000,6000.000000,8550.000000,379.149107,0.000000,9541382.211519,8212221.943981,8200117.577843
2025-09-23,45389.193514,41320.335236,41311.985236,6000.000000,6000.000000,8550.000000,648.781000,0.000000,9586771.405033,8253542.279217,8241429.563079
2025-09-24,44624.154182,40245.969575,40237.619575,5911.925204,6000.000000,8550.000000,400.492086,0.000000,9631395.559215,8293788.248792,8281667.182653
2025-09-25,44074.155780,39999.431126,37955.062237,6000.000000,6000.000000,4225.623222,146.982991,0.000000,9675469.714995,8333787.679918,8319622.244890
2025-09-26,19072.921850,17117.037499,17141.629354,6000.000000,6000.000000,4525.890296,0.000000,0.000000,9694542.636845,8350904.717418,8336763.874244
2025-09-27,20497.749612,18506.524085,20306.854886,5906.428500,6000.000000,8550.000000,434.368946,0.000000,9715040.386457,8369411.241502,8357070.729130
2025-09-28,44951.151798,41599.300138,41590.950138,5971.500556,6000.000000,8550.000000,111.357833,0.000000,9759991.538255,8411010.541641,8398661.679268
2025-09-29,44809.062228,41516.177089,41507.827089,5968.283333,6000.000000,8550.000000,185.796872,0.000000,9804800.600483,8452526.718730,8440169.506358
2025-09-30,48272.818553,43364.287382,43355.937382,6000.000000,6000.000000,8550.000000,997.861552,0.000000,9853073.419036,8495891.006112,8483525.443740
2025-10-01,45133.371075,34295.931542,34287.581542,6000.000000,6000.000000,8550.000000,0.000000,0.000000,9898206.790111,8530186.937654,8517813.025282
2025-10-02,44725.149120,34234.287102,32224.200651,6000.000000,6000.000000,4298.737426,42.238324,0.000000,9942931.939231,8564421.224756,8550037.225933
2025-10-03,18964.545735,14643.102966,14804.614967,6000.000000,6000.000000,4880.069333,0.000000,0.000000,9961896.484966,8579064.327722,8564841.840899
2025-10-04,18430.241589,15517.974656,17177.132323,6000.000000,6000.000000,8550.000000,16.433458,0.000000,9980326.726555,8594582.302378,8582018.973223
2025-10-05,43516.096527,35675.522897,35667.172897,6000.000000,6000.000000,8550.000000,86.637133,0.000000,10023842.823082,8630257.825275,8617686.146119
2025-10-06,42420.545678,37528.829031,37520.479031,6000.000000,6000.000000,8550.000000,0.718750,0.000000,10066263.368760,8667786.654305,8655206.625150
2025-10-07,41668.870130,37539.295458,37530.945458,6000.000000,6000.000000,8550.000000,0.000000,0.000000,10107932.238890,8705325.949763,8692737.570608
2025-10-08,40963.844880,36758.391242,36750.041242,6000.000000,6000.000000,8550.000000,272.940617,0.000000,10148896.083770,8742084.341005,8729487.611850
2025-10-09,40383.229777,36777.843070,35058.118903,6000.000000,6000.000000,4917.993481,105.207233,0.000000,10189279.313547,8778862.184076,8764545.730753
2025-10-10,18371.800532,15821.447269,15837.357651,6000.000000,6000.000000,5095.016315,178.738197,0.000000,10207651.114079,8794683.631344,8780383.088404
2025-10-11,16637.803376,15897.907058,17471.191257,5982.699574,6000.000000,8550.000000,14.763100,0.000000,10224288.917455,8810581.538402,8797854.279660
2025-10-12,41272.226358,38029.455470,38021.105470,5981.547222,6000.000000,8550.000000,170.992700,0.000000,10265561.143813,8848610.993872,8835875.385131
2025-10-13,40796.192530,37515.811999,37507.461999,6000.000000,6000.000000,8550.000000,157.845917,0.000000,10306357.336343,8886126.805871,8873382.847129
2025-10-14,43524.238704,39751.217712,39742.867712,6000.000000,6000.000000,8550.000000,831.806201,0.000000,10349881.575047,8925878.023583,8913125.714841
2025-10-15,44907.545157,40066.347543,40057.997543,6000.000000,6000.000000,8550.000000,847.573592,0.000000,10394789.120204,8965944.371126,8953183.712384
2025-10-16,49111.388329,41357.081961,39698.168685,6000.000000,6000.000000,5047.293019,1837.699697,0.000000,10443900.508533,9007301.453087,8992881.881069
2025-10-17,17470.780565,16029.354481,15961.740821,6000.000000,6000.000000,5027.324963,0.000000,0.000000,10461371.289098,9023330.807567,9008843.621891
2025-10-18,17933.623256,16132.381466,17732.709037,6000.000000,6000.000000,8550.000000,185.464921,0.000000,10479304.912354,9039463.189033,9026576.330927
2025-10-19,46400.080197,41933.052320,41924.702320,5985.831481,6000.000000,8550.000000,917.777817,0.000000,10525704.992551,9081396.241353,9068501.033247
2025-10-20,48251.378935,42150.657863,42142.307863,5985.017796,6000.000000,8550.000000,952.995667,0.000000,10573956.371486,9123546.899216,9110643.341110
2025-10-21,49194.183800,43068.409024,43060.059024,6000.000000,6000.000000,8550.000000,1131.803700,0.000000,10623150.555286,9166615.308240,9153703.400134
2025-10-22,47725.236507,42977.530529,42969.180529,6000.000000,6000.000000,8550.000000,609.764755,0.000000,10670875.791793,9209592.838769,9196672.580663
2025-10-23,45826.535379,41500.662248,40229.976893,6000.000000,6000.000000,5871.823537,32.975367,0.000000,10716702.327172,9251093.501018,9236902.557556
2025-10-24,18395.072574,17050.784962,16825.396217,6000.000000,6000.000000,5409.129593,233.615017,0.000000,10735097.399746,9268144.285980,9253727.953773
2025-10-25,18049.044200,16786.834404,18232.551273,6000.000000,6000.000000,8550.000000,69.981217,0.000000,10753146.443946,9284931.120384,9271960.505046
2025-10-26,45634.804398,41984.122942,41975.772942,6000.000000,6000.000000,8550.000000,122.139525,0.000000,10798781.248344,9326915.243326,9313936.277987
2025-10-27,47021.774356,41975.487066,41967.137066,6000.000000,6000.000000,8550.000000,509.329750,0.000000,10845803.022700,9368890.730391,9355903.415053
2025-10-28,45849.889029,43153.234865,43144.884865,5999.766667,6000.000000,8550.000000,150.430756,0.000000,10891652.911729,9412043.965257,9399048.299918
2025-10-29,53191.979274,45473.434204,45465.084204,5998.564815,6000.000000,8550.000000,1521.583117,0.000000,10944844.891003,9457517.399460,9444513.384122
2025-10-30,47797.624702,42591.691105,41403.233613,6000.000000,6000.000000,6046.363815,189.986667,0.000000,10992642.515705,9500109.090565,9485916.617735
2025-10-31,18963.063196,17370.442819,17323.063389,6000.000000,6000.000000,5945.848944,187.343900,0.000000,11011605.578901,9517479.533384,9503239.681124
2025-11-01,18650.519822,17104.821911,18329.112230,5976.255037,6000.000000,8550.000000,17.508383,0.000000,11030256.098723,9534584.355295,9521568.793354
2025-11-02,48208.426222,45226.922824,45218.572824,6000.000000,6000.000000,8550.000000,226.195905,0.000000,11078464.524945,9579811.278119,9566787.366178
2025-11-03,47700.367020,45209.859901,45201.509901,5964.954889,6000.000000,8550.000000,54.028158,0.000000,11126164.891965,9625021.138020,9611988.876078
2025-11-04,48379.657147,44485.352030,44477.002030,6000.000000,6000.000000,8550.000000,126.529467,0.000000,11174544.549112,9669506.490049,9656465.878108
2025-11-05,48552.346059,45655.482181,45647.132181,6000.000000,6000.000000,8550.000000,178.450450,0.000000,11223096.895171,9715161.972230,9702113.010289
2025-11-06,53309.034250,46947.890032,46196.767698,6000.000000,6000.000000,6974.669574,1177.352567,0.000000,11276405.929421,9762109.862262,9748309.777987
2025-11-07,19380.058819,17690.730600,17374.776633,6000.000000,6000.000000,6305.320907,127.958171,0.000000,11295785.988240,9779800.592862,9765684.554620
2025-11-08,18956.206608,17347.741921,18405.682226,6000.000000,6000.000000,8550.000000,24.274417,0.000000,11314742.194848,9797148.334783,9784090.236846
2025-11-09,51148.318095,46977.506387,46969.156387,5995.503704,6000.000000,8550.000000,542.849179,0.000000,11365890.512943,9844125.841169,9831059.393233
2025-11-10,52404.218789,48710.132847,48701.782847,6000.000000,6000.000000,8550.000000,685.969975,0.000000,11418294.731732,9892835.974016,9879761.176079
2025-11-11,50212.775255,47211.018937,47202.668937,5984.137037,6000.000000,8550.000000,11.901917,0.000000,11468507.506987,9940046.992953,9926963.845016
2025-11-12,50333.844021,46995.201828,46986.851828,6000.000000,6000.000000,8550.000000,52.762213,0.000000,11518841.351008,9987042.194780,9973950.696843
2025-11-13,52596.712382,47670.092967,46747.752707,6000.000000,6000.000000,6611.235296,603.258315,0.000000,11571438.063390,10034712.287747,10020698.449550
2025-11-14,19375.964262,18059.098774,18228.969846,6000.000000,6000.000000,6972.531481,73.233217,0.000000,11590814.027652,10052771.386521,10038927.419396
2025-11-15,19242.182589,18160.745990,18903.911131,6000.000000,6000.000000,8550.000000,5.306250,0.000000,11610056.210241,10070932.132511,10057831.330527
2025-11-16,51676.140115,49375.226754,49366.876754,5967.101315,6000.000000,8550.000000,174.973900,0.000000,11661732.350356,10120307.359266,10107198.207281
2025-11-17,51816.247955,48023.688151,48015.338151,6000.000000,6000.000000,8550.000000,152.181917,0.000000,11713548.598311,10168331.047417,10155213.545432
2025-11-18,55295.513890,49324.632844,49316.282844,6000.000000,6000.000000,8550.000000,831.770381,0.000000,11768844.112201,10217655.680261,10204529.828277
2025-11-19,52304.005257,49989.529574,49981.179574,5986.668519,6000.000000,8550.000000,109.099300,0.000000,11821148.117458,10267645.209836,10254511.007851
2025-11-20,53374.883240,49517.260401,48839.195273,6000.000000,6000.000000,7129.743833,217.626239,0.000000,11874523.000698,10317162.470236,10303350.203125
2025-11-21,19829.613167,18427.643685,18557.770945,6000.000000,6000.000000,7407.509348,103.239504,0.000000,11894352.613865,10335590.113922,10321907.974070
2025-11-22,19954.694227,18769.641752,19307.497340,6000.000000,6000.000000,8550.000000,94.127729,0.000000,11914307.308092,10354359.755674,10341215.471410
2025-11-23,53058.798526,49932.775857,49924.425857,6000.000000,6000.000000,8550.000000,125.126936,0.000000,11967366.106618,10404292.531531,10391139.897267
2025-11-24,53528.719426,49051.018427,49042.668427,6000.000000,6000.000000,8550.000000,172.058550,0.000000,12020894.826044,10453343.549958,10440182.565694
2025-11-25,53220.585910,50384.475408,50376.125408,6000.000000,6000.000000,8550.000000,26.544650,0.000000,12074115.411954,10503728.025365,10490558.691101
2025-11-26,54650.606328,50882.895419,50874.545419,5997.816667,6000.000000,8550.000000,407.118696,0.000000,12128766.018282,10554610.920784,10541433.236520
2025-11-27,54214.290217,50313.550230,49889.716704,6000.000000,6000.000000,7669.275704,229.049917,0.000000,12182980.308499,10604924.471015,10591322.953224
2025-11-28,20558.538470,18905.111937,19035.818828,6000.000000,6000.000000,7950.000000,14.704067,0.000000,12203538.846969,10623829.582952,10610358.772052
2025-11-29,25149.064426,19983.615231,20260.310529,5918.386870,6000.000000,8550.000000,798.450085,0.000000,12228687.911395,10643813.198183,10630619.082582
2025-11-30,55897.505039,53394.073768,53385.723768,5994.587037,6000.000000,8550.000000,149.642327,0.000000,12284585.416434,10697207.271951,10684004.806350
2025-12-01,72330.567023,57813.446169,57805.096169,5923.500426,6000.000000,8550.000000,4408.518687,0.000000,12356915.983457,10755020.718120,10741809.902519
2025-12-02,77262.925216,59596.689554,59588.339554,6000.000000,6000.000000,8550.000000,5297.679893,0.000000,12434178.908673,10814617.407674,10801398.242073
2025-12-03,62839.678976,58021.519671,58013.169671,5992.313815,6000.000000,8550.000000,672.041748,0.000000,12497018.587649,10872638.927345,10859411.411744
2025-12-04,63334.651798,58265.371035,58257.021035,6000.000000,6000.000000,8550.000000,669.851811,0.000000,12560353.239447,10930904.298381,10917668.432780
2025-12-05,34551.805463,23470.224757,23461.874757,6000.000000,6000.000000,8550.000000,3504.132225,0.000000,12594905.044910,10954374.523138,10941130.307536
2025-12-06,39065.744935,24633.921116,24625.571116,5929.897000,6000.000000,8550.000000,3945.995863,0.000000,12633970.789845,10979008.444254,10965755.878653
2025-12-07,63184.458846,58749.784923,58741.434923,6000.000000,6000.000000,8550.000000,255.711960,0.000000,12697155.248691,11037758.229177,11024497.313576
2025-12-08,63561.868937,58744.696160,58736.346160,6000.000000,6000.000000,8550.000000,460.172178,0.000000,12760717.117628,11096502.925337,11083233.659735
2025-12-09,62768.101282,58902.470361,58894.120361,6000.000000,6000.000000,8550.000000,228.847433,0.000000,12823485.218910,11155405.395697,11142127.780096
2025-12-10,62715.122333,58998.026731,58989.676731,5960.879630,6000.000000,8550.000000,242.308461,0.000000,12886200.341243,11214403.422428,11201117.456827
2025-12-11,62176.536418,57491.516576,57483.167576,6000.000000,6000.000000,8550.000000,33.004819,0.000000,12948376.877661,11271894.939004,11258600.624403
2025-12-12,26488.038088,24594.297983,24585.947983,6000.000000,6000.000000,8550.000000,272.264517,0.000000,12974864.915749,11296489.236988,11283186.572387
2025-12-13,26753.715332,24662.788568,24654.438568,5986.055556,6000.000000,8550.000000,183.810500,0.000000,13001618.631081,11321152.025555,11307841.010954
2025-12-14,63103.688028,59599.245113,59590.895113,6000.000000,6000.000000,8550.000000,79.161867,0.000000,13064722.319109,11380751.270668,11367431.906067
2025-12-15,62888.463243,59903.514691,59895.164691,6000.000000,6000.000000,8550.000000,109.039306,0.000000,13127610.782352,11440654.785359,11427327.070758
2025-12-16,62829.661164,59971.310020,59962.960020,5986.944722,6000.000000,8550.000000,32.138367,0.000000,13190440.443516,11500626.095379,11487290.030778
2025-12-17,63335.316851,58886.671299,58878.321299,6000.000000,6000.000000,8550.000000,255.892565,0.000000,13253775.760367,11559512.766679,11546168.352077
2025-12-18,62407.994811,58784.955416,58776.605416,6000.000000,6000.000000,8550.000000,97.588630,0.000000,13316183.755178,11618297.722095,11604944.957494
2025-12-19,26746.190458,24409.178968,24400.828968,6000.000000,6000.000000,8550.000000,116.346917,0.000000,13342929.945636,11642706.901062,11629345.786461
2025-12-20,26638.062011,24287.442162,24279.092162,6000.000000,6000.000000,8550.000000,90.634736,0.000000,13369568.007647,11666994.343224,11653624.878623
2025-12-21,63291.726689,59672.704532,59664.354532,6000.000000,6000.000000,8550.000000,148.818598,0.000000,13432859.734336,11726667.047756,11713289.233155
2025-12-22,63387.317959,59690.695519,59682.345519,6000.000000,6000.000000,8550.000000,308.836038,0.000000,13496247.052295,11786357.743276,11772971.578674
2025-12-23,63039.242921,58409.154697,58400.804697,5994.174074,6000.000000,8550.000000,65.117833,0.000000,13559286.295216,11844766.897973,11831372.383371
2025-12-24,62993.606284,59107.526481,59099.176481,6000.000000,6000.000000,8550.000000,148.181283,0.000000,13622279.901500,11903874.424453,11890471.559852
2025-12-25,63060.946386,58812.281055,58803.931055,6000.000000,6000.000000,8550.000000,199.605191,0.000000,13685340.847886,11962686.705508,11949275.490907
2025-12-26,27276.243236,24312.557411,24304.207411,6000.000000,6000.000000,8550.000000,241.800672,0.000000,13712617.091122,11986999.262919,11973579.698318
2025-12-27,26646.892375,24497.478040,24489.128040,6000.000000,6000.000000,8550.000000,130.021854,0.000000,13739263.983497,12011496.740959,11998068.826358
2025-12-28,62994.040450,58026.855640,58018.505640,6000.000000,6000.000000,8550.000000,107.800800,0.000000,13802258.023947,12069523.596600,12056087.331999
2025-12-29,62369.691178,58331.133993,58322.783993,5978.370370,6000.000000,8550.000000,108.527997,0.000000,13864627.715125,12127854.730593,12114410.115992
2025-12-30,62234.847412,57687.533980,57679.183980,6000.000000,6000.000000,8550.000000,54.377833,0.000000,13926862.562537,12185542.264573,12172089.299972
2025-12-31,61773.659040,59254.590343,58044.290343,5620.474641,5400.000000,5400.000000,16.561450,0.000000,13988636.221577,12244796.854916,12230133.590315
