类别,校验项,数值,单位,结论
输入,附件4实际电价矩阵,365×144,天×时段,通过
输入,实际电价最小值,0.007600,元/kWh,通过
因果性,价格调参最晚日期早于计划日,1,布尔值,通过
因果性,购电决策价格口径,0点价格预测全天冻结,,通过
因果性,实时价格口径,当前实际价＋未来0点预测价,,通过
预测,正式期价格MAE,0.049201,元/kWh,参考
预测,正式期价格RMSE,0.067840,元/kWh,参考
求解,购电求解次数,1460,次,通过
求解,松弛后固定模式LP次数,1460,次,通过
求解,购电MILP回退次数,0,次,参考
求解,实时储能求解次数,52560,次,通过
约束,最大实际电量平衡残差,0.000000,kWh,通过
约束,最大实际状态转移残差,0.000000,kWh,通过
费用,费用等价式最大残差,0.000000,元,通过
输出,正式期日期数,334,天,通过
输出,正式期逐时段数,48096,个,通过
费用,1月初始化期实际总费,1897775.986661,元,参考
费用,正式期初始计划费,13322286.272873,元,参考
费用,正式期增购费,630025.106406,元,参考
费用,正式期减购退费,29006.513493,元,参考
费用,正式期减购违约费,14503.256747,元,参考
费用,正式期紧急购电费,444995.749996,元,参考
费用,2月1日至12月31日实际总费,14382803.872527,元,参考
状态,2025-01-01初始储电量,6000.000000,kWh,通过
状态,2025-02-01初始储电量,5967.514799,kWh,参考
状态,12月31日实际末态,5894.577132,kWh,通过
状态,实际年末区间越界量,0.000000,kWh,通过
价格参数选择,2025-01-01价格候选,水平0.6-0.3-0.1×形态14天,历史验证0天,预设
价格参数选择,2025-01-02价格候选,水平0.6-0.3-0.1×形态14天,历史验证1天,加权MAE=0.162658
价格参数选择,2025-01-03价格候选,水平0.6-0.3-0.1×形态14天,历史验证2天,加权MAE=0.161767
价格参数选择,2025-01-04价格候选,水平1×形态7天,历史验证3天,加权MAE=0.126678
价格参数选择,2025-01-05价格候选,水平1×形态7天,历史验证4天,加权MAE=0.106222
价格参数选择,2025-01-06价格候选,水平1×形态7天,历史验证5天,加权MAE=0.118388
价格参数选择,2025-01-07价格候选,水平1×形态7天,历史验证6天,加权MAE=0.127216
价格参数选择,2025-01-08价格候选,水平1×形态7天,历史验证7天,加权MAE=0.132500
价格参数选择,2025-01-09价格候选,水平1×形态7天,历史验证8天,加权MAE=0.116451
价格参数选择,2025-01-10价格候选,水平1×形态7天,历史验证9天,加权MAE=0.104243
价格参数选择,2025-01-11价格候选,水平1×形态7天,历史验证10天,加权MAE=0.096868
价格参数选择,2025-01-12价格候选,水平1×形态7天,历史验证11天,加权MAE=0.091078
价格参数选择,2025-01-13价格候选,水平1×形态28天,历史验证12天,加权MAE=0.084831
价格参数选择,2025-01-14价格候选,水平1×形态28天,历史验证13天,加权MAE=0.079704
价格参数选择,2025-01-15价格候选,水平1×形态28天,历史验证14天,加权MAE=0.074304
价格参数选择,2025-01-16价格候选,水平1×形态28天,历史验证15天,加权MAE=0.069687
价格参数选择,2025-01-17价格候选,水平1×形态28天,历史验证16天,加权MAE=0.065774
价格参数选择,2025-01-18价格候选,水平1×形态28天,历史验证17天,加权MAE=0.063796
价格参数选择,2025-01-19价格候选,水平1×形态28天,历史验证18天,加权MAE=0.062048
价格参数选择,2025-01-20价格候选,水平1×形态28天,历史验证19天,加权MAE=0.059542
价格参数选择,2025-01-21价格候选,水平1×形态28天,历史验证20天,加权MAE=0.056752
价格参数选择,2025-01-22价格候选,水平1×形态28天,历史验证21天,加权MAE=0.054811
价格参数选择,2025-01-23价格候选,水平1×形态28天,历史验证22天,加权MAE=0.052789
价格参数选择,2025-01-24价格候选,水平1×形态28天,历史验证23天,加权MAE=0.051051
价格参数选择,2025-01-25价格候选,水平1×形态28天,历史验证24天,加权MAE=0.051287
价格参数选择,2025-01-26价格候选,水平1×形态28天,历史验证25天,加权MAE=0.052084
价格参数选择,2025-01-27价格候选,水平1×形态28天,历史验证26天,加权MAE=0.050661
价格参数选择,2025-01-28价格候选,水平1×形态28天,历史验证27天,加权MAE=0.049115
价格参数选择,2025-01-29价格候选,水平1×形态28天,历史验证28天,加权MAE=0.047829
价格参数选择,2025-01-30价格候选,水平1×形态28天,历史验证28天,加权MAE=0.046195
价格参数选择,2025-01-31价格候选,水平1×形态28天,历史验证28天,加权MAE=0.044309
价格参数选择,2025-02-01价格候选,水平1×形态28天,历史验证28天,加权MAE=0.044618
价格参数选择,2025-02-02价格候选,水平1×形态28天,历史验证28天,加权MAE=0.046815
价格参数选择,2025-02-03价格候选,水平1×形态28天,历史验证28天,加权MAE=0.048413
价格参数选择,2025-02-04价格候选,水平1×形态28天,历史验证28天,加权MAE=0.048757
价格参数选择,2025-02-05价格候选,水平1×形态28天,历史验证28天,加权MAE=0.049091
价格参数选择,2025-02-06价格候选,水平1×形态28天,历史验证28天,加权MAE=0.050224
价格参数选择,2025-02-07价格候选,水平1×形态14天,历史验证28天,加权MAE=0.051782
价格参数选择,2025-02-08价格候选,水平1×形态7天,历史验证28天,加权MAE=0.053588
价格参数选择,2025-02-09价格候选,水平1×形态7天,历史验证28天,加权MAE=0.053020
价格参数选择,2025-02-10价格候选,水平1×形态7天,历史验证28天,加权MAE=0.052337
价格参数选择,2025-02-11价格候选,水平1×形态7天,历史验证28天,加权MAE=0.051610
价格参数选择,2025-02-12价格候选,水平1×形态7天,历史验证28天,加权MAE=0.050587
价格参数选择,2025-02-13价格候选,水平1×形态7天,历史验证28天,加权MAE=0.049689
价格参数选择,2025-02-14价格候选,水平1×形态7天,历史验证28天,加权MAE=0.049329
价格参数选择,2025-02-15价格候选,水平1×形态7天,历史验证28天,加权MAE=0.049839
价格参数选择,2025-02-16价格候选,水平1×形态7天,历史验证28天,加权MAE=0.049580
价格参数选择,2025-02-17价格候选,水平1×形态7天,历史验证28天,加权MAE=0.048922
价格参数选择,2025-02-18价格候选,水平1×形态7天,历史验证28天,加权MAE=0.047876
价格参数选择,2025-02-19价格候选,水平1×形态7天,历史验证28天,加权MAE=0.047016
价格参数选择,2025-02-20价格候选,水平1×形态7天,历史验证28天,加权MAE=0.046153
价格参数选择,2025-02-21价格候选,水平1×形态7天,历史验证28天,加权MAE=0.045123
价格参数选择,2025-02-22价格候选,水平1×形态7天,历史验证28天,加权MAE=0.046059
价格参数选择,2025-02-23价格候选,水平1×形态7天,历史验证28天,加权MAE=0.046104
价格参数选择,2025-02-24价格候选,水平1×形态7天,历史验证28天,加权MAE=0.045717
价格参数选择,2025-02-25价格候选,水平1×形态7天,历史验证28天,加权MAE=0.044840
价格参数选择,2025-02-26价格候选,水平1×形态7天,历史验证28天,加权MAE=0.044183
价格参数选择,2025-02-27价格候选,水平1×形态7天,历史验证28天,加权MAE=0.043501
价格参数选择,2025-02-28价格候选,水平1×形态7天,历史验证28天,加权MAE=0.042888
价格参数选择,2025-03-01价格候选,水平1×形态7天,历史验证28天,加权MAE=0.043635
价格参数选择,2025-03-02价格候选,水平1×形态7天,历史验证28天,加权MAE=0.043933
价格参数选择,2025-03-03价格候选,水平1×形态7天,历史验证28天,加权MAE=0.044470
价格参数选择,2025-03-04价格候选,水平1×形态7天,历史验证28天,加权MAE=0.044294
价格参数选择,2025-03-05价格候选,水平1×形态7天,历史验证28天,加权MAE=0.043037
价格参数选择,2025-03-06价格候选,水平1×形态7天,历史验证28天,加权MAE=0.041659
价格参数选择,2025-03-07价格候选,水平1×形态7天,历史验证28天,加权MAE=0.040564
价格参数选择,2025-03-08价格候选,水平1×形态7天,历史验证28天,加权MAE=0.041611
价格参数选择,2025-03-09价格候选,水平1×形态7天,历史验证28天,加权MAE=0.042804
价格参数选择,2025-03-10价格候选,水平1×形态7天,历史验证28天,加权MAE=0.042809
价格参数选择,2025-03-11价格候选,水平1×形态7天,历史验证28天,加权MAE=0.043077
价格参数选择,2025-03-12价格候选,水平1×形态7天,历史验证28天,加权MAE=0.042575
价格参数选择,2025-03-13价格候选,水平1×形态7天,历史验证28天,加权MAE=0.041946
价格参数选择,2025-03-14价格候选,水平1×形态14天,历史验证28天,加权MAE=0.041929
价格参数选择,2025-03-15价格候选,水平1×形态7天,历史验证28天,加权MAE=0.043654
价格参数选择,2025-03-16价格候选,水平1×形态7天,历史验证28天,加权MAE=0.044133
价格参数选择,2025-03-17价格候选,水平1×形态14天,历史验证28天,加权MAE=0.043402
价格参数选择,2025-03-18价格候选,水平1×形态14天,历史验证28天,加权MAE=0.043914
价格参数选择,2025-03-19价格候选,水平1×形态14天,历史验证28天,加权MAE=0.042937
价格参数选择,2025-03-20价格候选,水平1×形态14天,历史验证28天,加权MAE=0.042027
价格参数选择,2025-03-21价格候选,水平1×形态14天,历史验证28天,加权MAE=0.041567
价格参数选择,2025-03-22价格候选,水平1×形态14天,历史验证28天,加权MAE=0.043746
价格参数选择,2025-03-23价格候选,水平1×形态14天,历史验证28天,加权MAE=0.044613
价格参数选择,2025-03-24价格候选,水平1×形态14天,历史验证28天,加权MAE=0.043908
价格参数选择,2025-03-25价格候选,水平1×形态14天,历史验证28天,加权MAE=0.042967
价格参数选择,2025-03-26价格候选,水平1×形态14天,历史验证28天,加权MAE=0.041925
价格参数选择,2025-03-27价格候选,水平1×形态14天,历史验证28天,加权MAE=0.041295
价格参数选择,2025-03-28价格候选,水平1×形态14天,历史验证28天,加权MAE=0.040520
价格参数选择,2025-03-29价格候选,水平1×形态14天,历史验证28天,加权MAE=0.042744
价格参数选择,2025-03-30价格候选,水平1×形态14天,历史验证28天,加权MAE=0.044864
价格参数选择,2025-03-31价格候选,水平1×形态14天,历史验证28天,加权MAE=0.043852
价格参数选择,2025-04-01价格候选,水平1×形态14天,历史验证28天,加权MAE=0.043432
价格参数选择,2025-04-02价格候选,水平1×形态14天,历史验证28天,加权MAE=0.043778
价格参数选择,2025-04-03价格候选,水平1×形态14天,历史验证28天,加权MAE=0.043577
价格参数选择,2025-04-04价格候选,水平1×形态14天,历史验证28天,加权MAE=0.042701
价格参数选择,2025-04-05价格候选,水平1×形态14天,历史验证28天,加权MAE=0.044522
价格参数选择,2025-04-06价格候选,水平1×形态14天,历史验证28天,加权MAE=0.045362
价格参数选择,2025-04-07价格候选,水平1×形态14天,历史验证28天,加权MAE=0.044187
价格参数选择,2025-04-08价格候选,水平1×形态14天,历史验证28天,加权MAE=0.043292
价格参数选择,2025-04-09价格候选,水平1×形态14天,历史验证28天,加权MAE=0.042554
价格参数选择,2025-04-10价格候选,水平1×形态21天,历史验证28天,加权MAE=0.042370
价格参数选择,2025-04-11价格候选,水平1×形态21天,历史验证28天,加权MAE=0.041690
价格参数选择,2025-04-12价格候选,水平1×形态14天,历史验证28天,加权MAE=0.044193
价格参数选择,2025-04-13价格候选,水平1×形态14天,历史验证28天,加权MAE=0.044904
价格参数选择,2025-04-14价格候选,水平1×形态21天,历史验证28天,加权MAE=0.044714
价格参数选择,2025-04-15价格候选,水平1×形态21天,历史验证28天,加权MAE=0.043472
价格参数选择,2025-04-16价格候选,水平1×形态21天,历史验证28天,加权MAE=0.043100
价格参数选择,2025-04-17价格候选,水平1×形态21天,历史验证28天,加权MAE=0.042768
价格参数选择,2025-04-18价格候选,水平1×形态21天,历史验证28天,加权MAE=0.041826
价格参数选择,2025-04-19价格候选,水平1×形态21天,历史验证28天,加权MAE=0.042894
价格参数选择,2025-04-20价格候选,水平1×形态21天,历史验证28天,加权MAE=0.044401
价格参数选择,2025-04-21价格候选,水平1×形态21天,历史验证28天,加权MAE=0.043662
价格参数选择,2025-04-22价格候选,水平1×形态21天,历史验证28天,加权MAE=0.042767
价格参数选择,2025-04-23价格候选,水平1×形态21天,历史验证28天,加权MAE=0.042106
价格参数选择,2025-04-24价格候选,水平1×形态21天,历史验证28天,加权MAE=0.041842
价格参数选择,2025-04-25价格候选,水平1×形态21天,历史验证28天,加权MAE=0.041453
价格参数选择,2025-04-26价格候选,水平1×形态21天,历史验证28天,加权MAE=0.043341
价格参数选择,2025-04-27价格候选,水平1×形态14天,历史验证28天,加权MAE=0.045672
价格参数选择,2025-04-28价格候选,水平1×形态21天,历史验证28天,加权MAE=0.044951
价格参数选择,2025-04-29价格候选,水平1×形态21天,历史验证28天,加权MAE=0.045575
价格参数选择,2025-04-30价格候选,水平1×形态21天,历史验证28天,加权MAE=0.045005
价格参数选择,2025-05-01价格候选,水平1×形态21天,历史验证28天,加权MAE=0.044920
价格参数选择,2025-05-02价格候选,水平1×形态21天,历史验证28天,加权MAE=0.044517
价格参数选择,2025-05-03价格候选,水平1×形态21天,历史验证28天,加权MAE=0.045647
价格参数选择,2025-05-04价格候选,水平0.6-0.3-0.1×形态21天,历史验证28天,加权MAE=0.046585
价格参数选择,2025-05-05价格候选,水平0.6-0.3-0.1×形态21天,历史验证28天,加权MAE=0.046006
价格参数选择,2025-05-06价格候选,水平0.6-0.3-0.1×形态21天,历史验证28天,加权MAE=0.045162
价格参数选择,2025-05-07价格候选,水平0.6-0.3-0.1×形态21天,历史验证28天,加权MAE=0.044489
价格参数选择,2025-05-08价格候选,水平0.6-0.3-0.1×形态21天,历史验证28天,加权MAE=0.043658
价格参数选择,2025-05-09价格候选,水平0.6-0.3-0.1×形态21天,历史验证28天,加权MAE=0.043388
价格参数选择,2025-05-10价格候选,水平0.6-0.3-0.1×形态21天,历史验证28天,加权MAE=0.044261
价格参数选择,2025-05-11价格候选,水平0.6-0.3-0.1×形态21天,历史验证28天,加权MAE=0.045184
价格参数选择,2025-05-12价格候选,水平0.6-0.3-0.1×形态21天,历史验证28天,加权MAE=0.044625
价格参数选择,2025-05-13价格候选,水平0.5-0.3-0.2×形态21天,历史验证28天,加权MAE=0.044682
价格参数选择,2025-05-14价格候选,水平0.5-0.3-0.2×形态21天,历史验证28天,加权MAE=0.044207
价格参数选择,2025-05-15价格候选,水平0.5-0.3-0.2×形态21天,历史验证28天,加权MAE=0.043299
价格参数选择,2025-05-16价格候选,水平0.5-0.3-0.2×形态21天,历史验证28天,加权MAE=0.042936
价格参数选择,2025-05-17价格候选,水平0.5-0.3-0.2×形态21天,历史验证28天,加权MAE=0.045063
价格参数选择,2025-05-18价格候选,水平0.5-0.3-0.2×形态21天,历史验证28天,加权MAE=0.045718
价格参数选择,2025-05-19价格候选,水平0.25-0.25-0.25-0.25×形态21天,历史验证28天,加权MAE=0.045321
价格参数选择,2025-05-20价格候选,水平0.25-0.25-0.25-0.25×形态21天,历史验证28天,加权MAE=0.044752
价格参数选择,2025-05-21价格候选,水平0.25-0.25-0.25-0.25×形态21天,历史验证28天,加权MAE=0.044663
价格参数选择,2025-05-22价格候选,水平0.25-0.25-0.25-0.25×形态28天,历史验证28天,加权MAE=0.044101
价格参数选择,2025-05-23价格候选,水平0.25-0.25-0.25-0.25×形态28天,历史验证28天,加权MAE=0.043198
价格参数选择,2025-05-24价格候选,水平0.25-0.25-0.25-0.25×形态21天,历史验证28天,加权MAE=0.044447
价格参数选择,2025-05-25价格候选,水平0.25-0.25-0.25-0.25×形态21天,历史验证28天,加权MAE=0.045651
价格参数选择,2025-05-26价格候选,水平0.25-0.25-0.25-0.25×形态21天,历史验证28天,加权MAE=0.045028
价格参数选择,2025-05-27价格候选,水平0.25-0.25-0.25-0.25×形态21天,历史验证28天,加权MAE=0.045116
价格参数选择,2025-05-28价格候选,水平0.25-0.25-0.25-0.25×形态28天,历史验证28天,加权MAE=0.044103
价格参数选择,2025-05-29价格候选,水平0.25-0.25-0.25-0.25×形态28天,历史验证28天,加权MAE=0.043774
价格参数选择,2025-05-30价格候选,水平0.25-0.25-0.25-0.25×形态28天,历史验证28天,加权MAE=0.043159
价格参数选择,2025-05-31价格候选,水平0.25-0.25-0.25-0.25×形态28天,历史验证28天,加权MAE=0.044009
价格参数选择,2025-06-01价格候选,水平0.25-0.25-0.25-0.25×形态28天,历史验证28天,加权MAE=0.044732
价格参数选择,2025-06-02价格候选,水平0.25-0.25-0.25-0.25×形态28天,历史验证28天,加权MAE=0.047506
价格参数选择,2025-06-03价格候选,水平0.25-0.25-0.25-0.25×形态28天,历史验证28天,加权MAE=0.049447
价格参数选择,2025-06-04价格候选,水平0.25-0.25-0.25-0.25×形态28天,历史验证28天,加权MAE=0.050395
价格参数选择,2025-06-05价格候选,水平0.25-0.25-0.25-0.25×形态28天,历史验证28天,加权MAE=0.052058
价格参数选择,2025-06-06价格候选,水平0.25-0.25-0.25-0.25×形态28天,历史验证28天,加权MAE=0.054016
价格参数选择,2025-06-07价格候选,水平0.25-0.25-0.25-0.25×形态28天,历史验证28天,加权MAE=0.057125
价格参数选择,2025-06-08价格候选,水平0.25-0.25-0.25-0.25×形态28天,历史验证28天,加权MAE=0.059360
价格参数选择,2025-06-09价格候选,水平0.25-0.25-0.25-0.25×形态28天,历史验证28天,加权MAE=0.058996
价格参数选择,2025-06-10价格候选,水平1×形态7天,历史验证28天,加权MAE=0.059354
价格参数选择,2025-06-11价格候选,水平1×形态7天,历史验证28天,加权MAE=0.058189
价格参数选择,2025-06-12价格候选,水平1×形态7天,历史验证28天,加权MAE=0.057759
价格参数选择,2025-06-13价格候选,水平1×形态7天,历史验证28天,加权MAE=0.056559
价格参数选择,2025-06-14价格候选,水平1×形态7天,历史验证28天,加权MAE=0.055662
价格参数选择,2025-06-15价格候选,水平1×形态7天,历史验证28天,加权MAE=0.055198
价格参数选择,2025-06-16价格候选,水平1×形态7天,历史验证28天,加权MAE=0.054576
价格参数选择,2025-06-17价格候选,水平1×形态7天,历史验证28天,加权MAE=0.053763
价格参数选择,2025-06-18价格候选,水平1×形态7天,历史验证28天,加权MAE=0.053042
价格参数选择,2025-06-19价格候选,水平1×形态7天,历史验证28天,加权MAE=0.051838
价格参数选择,2025-06-20价格候选,水平1×形态7天,历史验证28天,加权MAE=0.050404
价格参数选择,2025-06-21价格候选,水平1×形态7天,历史验证28天,加权MAE=0.050876
价格参数选择,2025-06-22价格候选,水平1×形态7天,历史验证28天,加权MAE=0.051963
价格参数选择,2025-06-23价格候选,水平1×形态7天,历史验证28天,加权MAE=0.051956
价格参数选择,2025-06-24价格候选,水平1×形态7天,历史验证28天,加权MAE=0.050996
价格参数选择,2025-06-25价格候选,水平1×形态7天,历史验证28天,加权MAE=0.051287
价格参数选择,2025-06-26价格候选,水平1×形态7天,历史验证28天,加权MAE=0.050319
价格参数选择,2025-06-27价格候选,水平1×形态7天,历史验证28天,加权MAE=0.049041
价格参数选择,2025-06-28价格候选,水平1×形态7天,历史验证28天,加权MAE=0.049994
价格参数选择,2025-06-29价格候选,水平1×形态7天,历史验证28天,加权MAE=0.050182
价格参数选择,2025-06-30价格候选,水平1×形态7天,历史验证28天,加权MAE=0.049716
价格参数选择,2025-07-01价格候选,水平1×形态7天,历史验证28天,加权MAE=0.048915
价格参数选择,2025-07-02价格候选,水平1×形态7天,历史验证28天,加权MAE=0.050055
价格参数选择,2025-07-03价格候选,水平1×形态7天,历史验证28天,加权MAE=0.051520
价格参数选择,2025-07-04价格候选,水平1×形态7天,历史验证28天,加权MAE=0.054953
价格参数选择,2025-07-05价格候选,水平0.6-0.3-0.1×形态7天,历史验证28天,加权MAE=0.059716
价格参数选择,2025-07-06价格候选,水平0.6-0.3-0.1×形态7天,历史验证28天,加权MAE=0.061800
价格参数选择,2025-07-07价格候选,水平0.5-0.3-0.2×形态7天,历史验证28天,加权MAE=0.064141
价格参数选择,2025-07-08价格候选,水平0.5-0.3-0.2×形态7天,历史验证28天,加权MAE=0.064603
价格参数选择,2025-07-09价格候选,水平1×形态7天,历史验证28天,加权MAE=0.062919
价格参数选择,2025-07-10价格候选,水平1×形态7天,历史验证28天,加权MAE=0.060609
价格参数选择,2025-07-11价格候选,水平1×形态7天,历史验证28天,加权MAE=0.059427
价格参数选择,2025-07-12价格候选,水平1×形态7天,历史验证28天,加权MAE=0.060188
价格参数选择,2025-07-13价格候选,水平1×形态7天,历史验证28天,加权MAE=0.060478
价格参数选择,2025-07-14价格候选,水平1×形态7天,历史验证28天,加权MAE=0.059920
价格参数选择,2025-07-15价格候选,水平1×形态7天,历史验证28天,加权MAE=0.058147
价格参数选择,2025-07-16价格候选,水平1×形态7天,历史验证28天,加权MAE=0.057305
价格参数选择,2025-07-17价格候选,水平1×形态7天,历史验证28天,加权MAE=0.056121
价格参数选择,2025-07-18价格候选,水平1×形态7天,历史验证28天,加权MAE=0.054751
价格参数选择,2025-07-19价格候选,水平1×形态7天,历史验证28天,加权MAE=0.054672
价格参数选择,2025-07-20价格候选,水平1×形态7天,历史验证28天,加权MAE=0.055375
价格参数选择,2025-07-21价格候选,水平1×形态7天,历史验证28天,加权MAE=0.053962
价格参数选择,2025-07-22价格候选,水平1×形态7天,历史验证28天,加权MAE=0.052815
价格参数选择,2025-07-23价格候选,水平1×形态7天,历史验证28天,加权MAE=0.051744
价格参数选择,2025-07-24价格候选,水平1×形态7天,历史验证28天,加权MAE=0.050863
价格参数选择,2025-07-25价格候选,水平1×形态7天,历史验证28天,加权MAE=0.050272
价格参数选择,2025-07-26价格候选,水平1×形态7天,历史验证28天,加权MAE=0.051386
价格参数选择,2025-07-27价格候选,水平1×形态7天,历史验证28天,加权MAE=0.051597
价格参数选择,2025-07-28价格候选,水平1×形态7天,历史验证28天,加权MAE=0.050595
价格参数选择,2025-07-29价格候选,水平1×形态14天,历史验证28天,加权MAE=0.050871
价格参数选择,2025-07-30价格候选,水平1×形态14天,历史验证28天,加权MAE=0.050089
价格参数选择,2025-07-31价格候选,水平1×形态14天,历史验证28天,加权MAE=0.048698
价格参数选择,2025-08-01价格候选,水平1×形态14天,历史验证28天,加权MAE=0.047190
价格参数选择,2025-08-02价格候选,水平1×形态14天,历史验证28天,加权MAE=0.048513
价格参数选择,2025-08-03价格候选,水平1×形态14天,历史验证28天,加权MAE=0.049975
价格参数选择,2025-08-04价格候选,水平0.6-0.3-0.1×形态14天,历史验证28天,加权MAE=0.049571
价格参数选择,2025-08-05价格候选,水平0.6-0.3-0.1×形态14天,历史验证28天,加权MAE=0.049230
价格参数选择,2025-08-06价格候选,水平0.6-0.3-0.1×形态14天,历史验证28天,加权MAE=0.048890
价格参数选择,2025-08-07价格候选,水平0.6-0.3-0.1×形态14天,历史验证28天,加权MAE=0.048331
价格参数选择,2025-08-08价格候选,水平0.5-0.3-0.2×形态14天,历史验证28天,加权MAE=0.048416
价格参数选择,2025-08-09价格候选,水平0.5-0.3-0.2×形态14天,历史验证28天,加权MAE=0.050818
价格参数选择,2025-08-10价格候选,水平0.5-0.3-0.2×形态14天,历史验证28天,加权MAE=0.052300
价格参数选择,2025-08-11价格候选,水平0.6-0.3-0.1×形态14天,历史验证28天,加权MAE=0.051270
价格参数选择,2025-08-12价格候选,水平0.6-0.3-0.1×形态14天,历史验证28天,加权MAE=0.050548
价格参数选择,2025-08-13价格候选,水平1×形态14天,历史验证28天,加权MAE=0.049795
价格参数选择,2025-08-14价格候选,水平1×形态21天,历史验证28天,加权MAE=0.048733
价格参数选择,2025-08-15价格候选,水平1×形态21天,历史验证28天,加权MAE=0.047683
价格参数选择,2025-08-16价格候选,水平1×形态21天,历史验证28天,加权MAE=0.050008
价格参数选择,2025-08-17价格候选,水平1×形态14天,历史验证28天,加权MAE=0.051782
价格参数选择,2025-08-18价格候选,水平1×形态21天,历史验证28天,加权MAE=0.050812
价格参数选择,2025-08-19价格候选,水平1×形态21天,历史验证28天,加权MAE=0.049572
价格参数选择,2025-08-20价格候选,水平1×形态21天,历史验证28天,加权MAE=0.048432
价格参数选择,2025-08-21价格候选,水平1×形态21天,历史验证28天,加权MAE=0.047853
价格参数选择,2025-08-22价格候选,水平0.6-0.3-0.1×形态28天,历史验证28天,加权MAE=0.046669
价格参数选择,2025-08-23价格候选,水平1×形态21天,历史验证28天,加权MAE=0.047962
价格参数选择,2025-08-24价格候选,水平1×形态21天,历史验证28天,加权MAE=0.049027
价格参数选择,2025-08-25价格候选,水平1×形态21天,历史验证28天,加权MAE=0.047910
价格参数选择,2025-08-26价格候选,水平0.6-0.3-0.1×形态28天,历史验证28天,加权MAE=0.047285
价格参数选择,2025-08-27价格候选,水平0.6-0.3-0.1×形态28天,历史验证28天,加权MAE=0.046155
价格参数选择,2025-08-28价格候选,水平0.6-0.3-0.1×形态28天,历史验证28天,加权MAE=0.046278
价格参数选择,2025-08-29价格候选,水平0.6-0.3-0.1×形态28天,历史验证28天,加权MAE=0.046548
价格参数选择,2025-08-30价格候选,水平0.6-0.3-0.1×形态28天,历史验证28天,加权MAE=0.047222
价格参数选择,2025-08-31价格候选,水平0.6-0.3-0.1×形态28天,历史验证28天,加权MAE=0.048951
价格参数选择,2025-09-01价格候选,水平0.6-0.3-0.1×形态28天,历史验证28天,加权MAE=0.048161
价格参数选择,2025-09-02价格候选,水平0.5-0.3-0.2×形态28天,历史验证28天,加权MAE=0.052977
价格参数选择,2025-09-03价格候选,水平0.6-0.3-0.1×形态28天,历史验证28天,加权MAE=0.056954
价格参数选择,2025-09-04价格候选,水平0.6-0.3-0.1×形态28天,历史验证28天,加权MAE=0.060854
价格参数选择,2025-09-05价格候选,水平0.5-0.3-0.2×形态28天,历史验证28天,加权MAE=0.064467
价格参数选择,2025-09-06价格候选,水平0.25-0.25-0.25-0.25×形态28天,历史验证28天,加权MAE=0.067098
价格参数选择,2025-09-07价格候选,水平0.25-0.25-0.25-0.25×形态28天,历史验证28天,加权MAE=0.069342
价格参数选择,2025-09-08价格候选,水平0.25-0.25-0.25-0.25×形态28天,历史验证28天,加权MAE=0.071897
价格参数选择,2025-09-09价格候选,水平0.5-0.3-0.2×形态28天,历史验证28天,加权MAE=0.072615
价格参数选择,2025-09-10价格候选,水平0.6-0.3-0.1×形态7天,历史验证28天,加权MAE=0.072597
价格参数选择,2025-09-11价格候选,水平1×形态7天,历史验证28天,加权MAE=0.071681
价格参数选择,2025-09-12价格候选,水平1×形态7天,历史验证28天,加权MAE=0.069476
价格参数选择,2025-09-13价格候选,水平1×形态7天,历史验证28天,加权MAE=0.068710
价格参数选择,2025-09-14价格候选,水平1×形态7天,历史验证28天,加权MAE=0.067931
价格参数选择,2025-09-15价格候选,水平1×形态7天,历史验证28天,加权MAE=0.067425
价格参数选择,2025-09-16价格候选,水平1×形态7天,历史验证28天,加权MAE=0.065474
价格参数选择,2025-09-17价格候选,水平1×形态7天,历史验证28天,加权MAE=0.064320
价格参数选择,2025-09-18价格候选,水平1×形态7天,历史验证28天,加权MAE=0.063206
价格参数选择,2025-09-19价格候选,水平1×形态7天,历史验证28天,加权MAE=0.061329
价格参数选择,2025-09-20价格候选,水平1×形态7天,历史验证28天,加权MAE=0.060255
价格参数选择,2025-09-21价格候选,水平1×形态7天,历史验证28天,加权MAE=0.059509
价格参数选择,2025-09-22价格候选,水平1×形态7天,历史验证28天,加权MAE=0.058959
价格参数选择,2025-09-23价格候选,水平1×形态7天,历史验证28天,加权MAE=0.057953
价格参数选择,2025-09-24价格候选,水平1×形态7天,历史验证28天,加权MAE=0.056961
价格参数选择,2025-09-25价格候选,水平1×形态7天,历史验证28天,加权MAE=0.055552
价格参数选择,2025-09-26价格候选,水平1×形态7天,历史验证28天,加权MAE=0.053819
价格参数选择,2025-09-27价格候选,水平1×形态7天,历史验证28天,加权MAE=0.053222
价格参数选择,2025-09-28价格候选,水平1×形态7天,历史验证28天,加权MAE=0.052859
价格参数选择,2025-09-29价格候选,水平1×形态7天,历史验证28天,加权MAE=0.052880
价格参数选择,2025-09-30价格候选,水平1×形态7天,历史验证28天,加权MAE=0.051369
价格参数选择,2025-10-01价格候选,水平1×形态7天,历史验证28天,加权MAE=0.050889
价格参数选择,2025-10-02价格候选,水平1×形态7天,历史验证28天,加权MAE=0.050244
价格参数选择,2025-10-03价格候选,水平1×形态7天,历史验证28天,加权MAE=0.048978
价格参数选择,2025-10-04价格候选,水平1×形态7天,历史验证28天,加权MAE=0.049813
价格参数选择,2025-10-05价格候选,水平1×形态7天,历史验证28天,加权MAE=0.048931
价格参数选择,2025-10-06价格候选,水平0.6-0.3-0.1×形态7天,历史验证28天,加权MAE=0.048519
价格参数选择,2025-10-07价格候选,水平0.6-0.3-0.1×形态7天,历史验证28天,加权MAE=0.048329
价格参数选择,2025-10-08价格候选,水平0.6-0.3-0.1×形态7天,历史验证28天,加权MAE=0.048275
价格参数选择,2025-10-09价格候选,水平0.6-0.3-0.1×形态7天,历史验证28天,加权MAE=0.047222
价格参数选择,2025-10-10价格候选,水平0.6-0.3-0.1×形态7天,历史验证28天,加权MAE=0.046122
价格参数选择,2025-10-11价格候选,水平0.6-0.3-0.1×形态7天,历史验证28天,加权MAE=0.047475
价格参数选择,2025-10-12价格候选,水平0.6-0.3-0.1×形态7天,历史验证28天,加权MAE=0.047281
价格参数选择,2025-10-13价格候选,水平0.6-0.3-0.1×形态7天,历史验证28天,加权MAE=0.047411
价格参数选择,2025-10-14价格候选,水平0.6-0.3-0.1×形态7天,历史验证28天,加权MAE=0.047124
价格参数选择,2025-10-15价格候选,水平0.6-0.3-0.1×形态7天,历史验证28天,加权MAE=0.046927
价格参数选择,2025-10-16价格候选,水平0.25-0.25-0.25-0.25×形态7天,历史验证28天,加权MAE=0.046538
价格参数选择,2025-10-17价格候选,水平0.25-0.25-0.25-0.25×形态7天,历史验证28天,加权MAE=0.046476
价格参数选择,2025-10-18价格候选,水平0.25-0.25-0.25-0.25×形态7天,历史验证28天,加权MAE=0.047085
价格参数选择,2025-10-19价格候选,水平0.25-0.25-0.25-0.25×形态7天,历史验证28天,加权MAE=0.046872
价格参数选择,2025-10-20价格候选,水平0.25-0.25-0.25-0.25×形态7天,历史验证28天,加权MAE=0.047218
价格参数选择,2025-10-21价格候选,水平0.25-0.25-0.25-0.25×形态7天,历史验证28天,加权MAE=0.047340
价格参数选择,2025-10-22价格候选,水平0.25-0.25-0.25-0.25×形态7天,历史验证28天,加权MAE=0.047891
价格参数选择,2025-10-23价格候选,水平0.25-0.25-0.25-0.25×形态7天,历史验证28天,加权MAE=0.047725
价格参数选择,2025-10-24价格候选,水平0.25-0.25-0.25-0.25×形态7天,历史验证28天,加权MAE=0.047180
价格参数选择,2025-10-25价格候选,水平0.25-0.25-0.25-0.25×形态7天,历史验证28天,加权MAE=0.047580
价格参数选择,2025-10-26价格候选,水平0.25-0.25-0.25-0.25×形态7天,历史验证28天,加权MAE=0.047543
价格参数选择,2025-10-27价格候选,水平0.25-0.25-0.25-0.25×形态7天,历史验证28天,加权MAE=0.047255
价格参数选择,2025-10-28价格候选,水平0.25-0.25-0.25-0.25×形态7天,历史验证28天,加权MAE=0.046673
价格参数选择,2025-10-29价格候选,水平0.25-0.25-0.25-0.25×形态7天,历史验证28天,加权MAE=0.046089
价格参数选择,2025-10-30价格候选,水平0.6-0.3-0.1×形态7天,历史验证28天,加权MAE=0.046386
价格参数选择,2025-10-31价格候选,水平1×形态7天,历史验证28天,加权MAE=0.045461
价格参数选择,2025-11-01价格候选,水平1×形态7天,历史验证28天,加权MAE=0.045103
价格参数选择,2025-11-02价格候选,水平1×形态7天,历史验证28天,加权MAE=0.044868
价格参数选择,2025-11-03价格候选,水平1×形态7天,历史验证28天,加权MAE=0.044637
价格参数选择,2025-11-04价格候选,水平1×形态7天,历史验证28天,加权MAE=0.044922
价格参数选择,2025-11-05价格候选,水平1×形态7天,历史验证28天,加权MAE=0.044304
价格参数选择,2025-11-06价格候选,水平1×形态7天,历史验证28天,加权MAE=0.043974
价格参数选择,2025-11-07价格候选,水平1×形态7天,历史验证28天,加权MAE=0.044305
价格参数选择,2025-11-08价格候选,水平1×形态7天,历史验证28天,加权MAE=0.045034
价格参数选择,2025-11-09价格候选,水平1×形态7天,历史验证28天,加权MAE=0.044881
价格参数选择,2025-11-10价格候选,水平1×形态7天,历史验证28天,加权MAE=0.045131
价格参数选择,2025-11-11价格候选,水平1×形态7天,历史验证28天,加权MAE=0.045743
价格参数选择,2025-11-12价格候选,水平1×形态7天,历史验证28天,加权MAE=0.045153
价格参数选择,2025-11-13价格候选,水平1×形态7天,历史验证28天,加权MAE=0.044348
价格参数选择,2025-11-14价格候选,水平1×形态7天,历史验证28天,加权MAE=0.043716
价格参数选择,2025-11-15价格候选,水平1×形态7天,历史验证28天,加权MAE=0.043441
价格参数选择,2025-11-16价格候选,水平1×形态7天,历史验证28天,加权MAE=0.043485
价格参数选择,2025-11-17价格候选,水平1×形态7天,历史验证28天,加权MAE=0.043305
价格参数选择,2025-11-18价格候选,水平1×形态7天,历史验证28天,加权MAE=0.042895
价格参数选择,2025-11-19价格候选,水平1×形态7天,历史验证28天,加权MAE=0.043261
价格参数选择,2025-11-20价格候选,水平1×形态7天,历史验证28天,加权MAE=0.042805
价格参数选择,2025-11-21价格候选,水平1×形态7天,历史验证28天,加权MAE=0.042392
价格参数选择,2025-11-22价格候选,水平1×形态7天,历史验证28天,加权MAE=0.042598
价格参数选择,2025-11-23价格候选,水平1×形态7天,历史验证28天,加权MAE=0.042634
价格参数选择,2025-11-24价格候选,水平1×形态7天,历史验证28天,加权MAE=0.042493
价格参数选择,2025-11-25价格候选,水平1×形态7天,历史验证28天,加权MAE=0.041535
价格参数选择,2025-11-26价格候选,水平1×形态7天,历史验证28天,加权MAE=0.041323
价格参数选择,2025-11-27价格候选,水平1×形态7天,历史验证28天,加权MAE=0.041400
价格参数选择,2025-11-28价格候选,水平1×形态7天,历史验证28天,加权MAE=0.041229
价格参数选择,2025-11-29价格候选,水平1×形态7天,历史验证28天,加权MAE=0.041372
价格参数选择,2025-11-30价格候选,水平1×形态7天,历史验证28天,加权MAE=0.041316
价格参数选择,2025-12-01价格候选,水平1×形态7天,历史验证28天,加权MAE=0.041816
价格参数选择,2025-12-02价格候选,水平1×形态7天,历史验证28天,加权MAE=0.045948
价格参数选择,2025-12-03价格候选,水平1×形态7天,历史验证28天,加权MAE=0.049917
价格参数选择,2025-12-04价格候选,水平1×形态7天,历史验证28天,加权MAE=0.053049
价格参数选择,2025-12-05价格候选,水平1×形态7天,历史验证28天,加权MAE=0.055360
价格参数选择,2025-12-06价格候选,水平1×形态7天,历史验证28天,加权MAE=0.058491
价格参数选择,2025-12-07价格候选,水平1×形态7天,历史验证28天,加权MAE=0.060669
价格参数选择,2025-12-08价格候选,水平1×形态7天,历史验证28天,加权MAE=0.062074
价格参数选择,2025-12-09价格候选,水平1×形态7天,历史验证28天,加权MAE=0.060381
价格参数选择,2025-12-10价格候选,水平1×形态7天,历史验证28天,加权MAE=0.058717
价格参数选择,2025-12-11价格候选,水平1×形态7天,历史验证28天,加权MAE=0.057325
价格参数选择,2025-12-12价格候选,水平1×形态7天,历史验证28天,加权MAE=0.055440
价格参数选择,2025-12-13价格候选,水平1×形态7天,历史验证28天,加权MAE=0.054993
价格参数选择,2025-12-14价格候选,水平1×形态7天,历史验证28天,加权MAE=0.054483
价格参数选择,2025-12-15价格候选,水平1×形态7天,历史验证28天,加权MAE=0.053327
价格参数选择,2025-12-16价格候选,水平1×形态7天,历史验证28天,加权MAE=0.052380
价格参数选择,2025-12-17价格候选,水平1×形态7天,历史验证28天,加权MAE=0.050551
价格参数选择,2025-12-18价格候选,水平1×形态7天,历史验证28天,加权MAE=0.049272
价格参数选择,2025-12-19价格候选,水平1×形态7天,历史验证28天,加权MAE=0.048093
价格参数选择,2025-12-20价格候选,水平1×形态7天,历史验证28天,加权MAE=0.048389
价格参数选择,2025-12-21价格候选,水平1×形态7天,历史验证28天,加权MAE=0.048293
价格参数选择,2025-12-22价格候选,水平1×形态7天,历史验证28天,加权MAE=0.047511
价格参数选择,2025-12-23价格候选,水平1×形态7天,历史验证28天,加权MAE=0.046499
价格参数选择,2025-12-24价格候选,水平1×形态7天,历史验证28天,加权MAE=0.045344
价格参数选择,2025-12-25价格候选,水平1×形态7天,历史验证28天,加权MAE=0.044178
价格参数选择,2025-12-26价格候选,水平1×形态7天,历史验证28天,加权MAE=0.043328
价格参数选择,2025-12-27价格候选,水平1×形态7天,历史验证28天,加权MAE=0.043752
价格参数选择,2025-12-28价格候选,水平1×形态7天,历史验证28天,加权MAE=0.044047
价格参数选择,2025-12-29价格候选,水平1×形态7天,历史验证28天,加权MAE=0.043318
价格参数选择,2025-12-30价格候选,水平1×形态7天,历史验证28天,加权MAE=0.042280
价格参数选择,2025-12-31价格候选,水平1×形态7天,历史验证28天,加权MAE=0.040941
